Date;SMI Index;ABB Ltd;Cie Financiere Richemont SA;Geberit AG;Givaudan SA;Kuehne + Nagel International AG;Holcim AG;Lonza Group AG;Nestle SA;Novartis AG;Roche Holding AG;Swisscom AG;Swiss Life Holding AG;Sonova Holding AG;Swiss Re AG;UBS Group AG;Zurich Insurance Group AG;Logitech International SA;Alcon Inc;Sika AG;Partners Group Holding AG
30.11.2020;10476.43;23.1204;75.48;547;3704;205.7;47.66;569.6;101.18;77.975;299.05;480;405.8;225.1;83.02;12.89;368.9;80.38;57.98;231.9;975
01.12.2020;10449.21;23.2458;74.98;541.6;3642;201.6;48.49;553;100.44;77.122;299.6;480;415.6;226.7;84.1;13.005;373.2;79.34;58.22;231.2;965
02.12.2020;10435.36;23.0432;74.52;527;3604;196.05;48.29;552.2;100.02;77.643;302.65;479;412.3;223.4;83.44;12.89;373.2;78.02;56.94;228.1;967.8
03.12.2020;10342.63;23.1397;74.24;525.6;3551;195.3;48.23;539.8;99.31;76.695;299.7;476.1;408.2;223;82.94;12.935;365;77.14;55.7;223.6;979.4
04.12.2020;10364.5;23.1879;73.9;525;3541;194.2;48.58;544;99;76.961;302.25;475.5;409;223.5;83.2;12.88;364;77.04;56.6;223.2;976.2
07.12.2020;10375.38;23.1686;74.44;522.6;3559;194.65;48.14;536;99.14;77.055;304.45;473.2;407.2;223;82.56;12.94;361.8;78.54;56.64;223.7;987.6
08.12.2020;10394.1;23.1783;74.48;526.8;3642;196.6;48.01;551.2;99.39;76.961;304.5;473.3;402.5;224;81.74;12.87;360.4;79.42;56.8;226.8;985.8
09.12.2020;10430.02;23.1783;75.78;527.2;3613;197.1;47.56;545;100.02;77.046;306.25;478.7;403.7;222.5;82.08;12.895;363.7;79.86;57.02;227.4;987.4
10.12.2020;10395.96;23.1011;75.32;525.8;3618;196.5;46.6;543.4;99.9;77.055;305.9;477.4;403;222.6;81.64;12.56;365.7;79.26;57.1;229;981.8
11.12.2020;10391.76;23.024;76.5;526.8;3625;199;46.13;551;100.62;77.302;305.65;475.3;395.1;221.9;79.96;12.41;357.7;80.1;56.86;230.8;980.8
14.12.2020;10373.03;23.0336;77.34;527;3632;199.55;46.47;552.4;99.7;77.018;304.25;475.9;398.2;222.2;80.58;12.435;357;79.54;57.42;230.9;971.6
15.12.2020;10341.18;23.159;79.06;527;3595;198.1;46.87;541.2;99.62;75.52;303.15;470.5;399.5;220.6;81.18;12.575;356.6;79.72;57.1;229;986.2
16.12.2020;10456.78;23.159;79.38;526;3642;201.7;47.37;548.4;100.58;76.316;308;473.8;409.6;223;83.62;12.625;367.9;81.34;57.68;228.9;995.4
17.12.2020;10540.36;23.3133;80.78;535.4;3668;202;47.97;558.4;101.58;77.264;308.8;470.5;409;226.3;83.48;12.495;369.1;82.26;57.06;236.6;1012.5
18.12.2020;10523.86;23.2844;80.06;536.8;3697;203;48.01;556.6;102.3;76.307;309.95;472.7;404.9;224.8;82.8;12.435;368.5;82.68;57.52;237;998.6
21.12.2020;10305.52;23.2169;77.82;537;3677;200.7;46.58;551;100.36;74.108;302.9;467.3;394.4;221.2;80.04;12.17;359.7;83.46;56.36;233.7;988.2
22.12.2020;10403.37;23.3423;78.72;542.4;3695;199.95;47.71;560.2;101.82;74.43;304.1;468;397.9;226.3;81;12.215;364.2;84.76;57.32;239;998
23.12.2020;10411.92;23.5255;79.06;540.2;3682;199.55;48.05;554;101.24;74.468;301.5;470.1;403.7;225.8;82.28;12.53;367.1;84.02;57.38;237.7;1014.5
24.12.2020;10411.92;23.5255;79.06;540.2;3682;199.55;48.05;554;101.24;74.468;301.5;470.1;403.7;225.8;82.28;12.53;367.1;84.02;57.38;237.7;1014.5
25.12.2020;10411.92;23.5255;79.06;540.2;3682;199.55;48.05;554;101.24;74.468;301.5;470.1;403.7;225.8;82.28;12.53;367.1;84.02;57.38;237.7;1014.5
28.12.2020;10603.49;24.0464;80.2;549.2;3717;202.8;48.38;567;103.58;76.648;304.9;476.4;412.3;229.8;83.28;12.54;375;84;58.56;241.8;1036.5
29.12.2020;10682.04;23.9113;80.5;556;3736;202;48.44;570.2;104.6;78.174;306.95;479;410.6;231;83.26;12.525;373.4;85.36;58.9;243.4;1051
30.12.2020;10703.51;23.8342;80.08;554.2;3730;200.8;48.62;568.8;104.26;79.283;309;477.1;412.4;230;83.34;12.47;373.5;85.92;58.84;241.8;1040
31.12.2020;10703.51;23.8342;80.08;554.2;3730;200.8;48.62;568.8;104.26;79.283;309;477.1;412.4;230;83.34;12.47;373.5;85.92;58.84;241.8;1040
01.01.2021;10703.51;23.8342;80.08;554.2;3730;200.8;48.62;568.8;104.26;79.283;309;477.1;412.4;230;83.34;12.47;373.5;85.92;58.84;241.8;1040
04.01.2021;10738.39;24.1911;81.18;564;3805;203;48.86;566;104.46;78.847;309.6;481.4;411.3;232.5;82.4;12.62;374.7;87.4;58.4;248.7;1056.5
05.01.2021;10694.09;24.4418;80.12;560.2;3751;202.2;49.04;575.4;103.66;78.458;306;477.9;413.4;231.2;82.5;12.76;373.3;87.34;58.42;248.5;1044.5
06.01.2021;10747.08;25.3775;79.66;567.8;3720;196.85;51.52;575;102.28;78.43;303.05;482.1;431;230.9;85.34;13.31;384.9;87.4;57.62;249;1061
07.01.2021;10778.67;25.5993;82.72;577;3702;200.8;52.76;583.2;102.12;77.994;297.65;480;431.6;227.8;85.02;13.67;387.7;90.72;59.74;251.4;1073
08.01.2021;10797.99;25.7922;83;582;3687;202.2;52.54;589;101.36;78.667;301.7;473.6;431.8;229.3;84.54;13.505;384.4;92.9;60.94;254.2;1061.5
11.01.2021;10870.42;25.7729;83.7;585.2;3741;199.05;51.78;591.8;100.6;79.425;312.85;476.5;431.1;224.4;84.06;13.47;382.8;90.78;60.1;255.5;1051
12.01.2021;10875.25;25.9369;84.26;594.2;3663;204.9;51.94;588.4;100.36;79.065;314.25;475;433.2;221.3;84.48;13.56;382.1;91.1;59.76;254.5;1050
13.01.2021;10846.88;26.0237;82.86;598.4;3701;206.6;51.56;591.6;100.34;78.762;312;477;431.4;223;84.24;13.385;377.9;92.08;61.38;256.7;1043.5
14.01.2021;10850.81;26.1877;83.34;565.2;3650;207.3;51.86;587.6;100.44;79.16;312.05;472.7;435.8;224.6;84.86;13.525;378.2;92.14;61.96;250.8;1037.5
15.01.2021;10877.06;25.3099;82.3;559.2;3548;201.8;51.26;587.4;100.88;80.847;316.65;477.5;432.9;224.2;84.5;13.465;375.1;90.62;62.34;244.7;1047
18.01.2021;10888.54;25.281;85.66;557;3543;203.4;51.24;582.8;101.26;80.591;314.95;477.7;430.1;225.7;84.5;13.415;375.2;92.94;63.54;245.5;1052.5
19.01.2021;10876.98;25.2617;83.54;557.4;3554;201.8;50.64;580;100.6;81.055;318.2;474.1;427.6;223.8;83.66;13.22;374.8;86.98;64.8;243.3;1050
20.01.2021;10945.46;25.4353;85.88;553.4;3546;203.4;50.86;593.4;100.82;81.52;320;473.9;426.5;229;83.18;13.295;376;88.68;65.2;246.7;1065
21.01.2021;10913.11;25.5897;85.44;557.6;3598;207.5;50.9;595.2;100.36;81.14;316.75;470.1;427.7;227.5;82.66;13.24;373.5;91.86;64.54;249.8;1082.5
22.01.2021;10930.81;25.7633;85.46;557;3605;205.4;50.18;599.2;101.02;81.444;318.45;469.4;426.1;224.4;81.34;13.15;369.2;91.94;65.46;247.6;1077.5
25.01.2021;10925.7;25.6475;82.86;550.2;3679;204.3;49.02;607.4;101.8;81.633;320.8;477.4;417.6;223.7;80.06;12.92;361.6;92.4;66.42;247.7;1067
26.01.2021;10964.05;25.8308;83.72;550.8;3727;205.5;49.38;600;103.36;79.927;322.95;483.2;421;227.1;80.44;13.23;367.7;90.9;66.26;247.7;1084
27.01.2021;10904.24;25.6668;82.76;548.8;3719;205.6;48.55;589.6;103.82;79.444;320.2;505.8;414.9;227.5;79.78;13.075;366.7;92.6;66.66;243.5;1073
28.01.2021;10849.82;25.7344;84.14;553.8;3728;208;48.6;570;102.74;78.506;317.05;490.3;415.6;225;80.68;13.28;368;95.02;65.66;246.9;1072.5
29.01.2021;10591.06;25.4064;82.88;545.6;3596;203.1;48.25;570;100.04;76.326;307.15;485.4;406.9;215.4;78.66;12.875;356.2;92.86;64;242.4;1054.5
01.02.2021;10740.22;25.7729;82.84;553.6;3653;205.2;48.95;573;102.34;76.657;311.8;483.9;412.3;218.7;79.9;13.07;363.8;94.28;65.1;251.2;1082
02.02.2021;10803.57;26.2938;84.56;555;3596;207.3;49.98;573.8;102.52;76.43;311.55;484.2;423.4;224.4;81.4;13.305;367.4;97.86;66.52;254.1;1096
03.02.2021;10775.68;26.4867;84.02;553.2;3569;207;49.92;569.2;102.2;76.07;309.35;485.5;423.2;221.4;81.44;13.37;373.3;98.18;67.06;250.8;1083.5
04.02.2021;10860.95;25.1653;85.3;555.2;3576;203;49.68;572;102;77.273;316.25;485.6;428.3;226.4;82.78;13.455;375.3;98.8;68.48;251.1;1116
05.02.2021;10755.47;24.982;85.8;548.8;3561;202.8;49.95;563;100.24;77.226;308.65;477;428.7;224.2;82.48;13.42;374.1;99.72;67.9;249;1106
08.02.2021;10778.83;25.1556;87.08;553.8;3604;205.2;50.3;570;99.3;77.454;308.3;470.5;431.9;223.3;83.1;13.65;373.7;102.35;67.58;252.4;1110
09.02.2021;10803.67;25.1653;87.86;553;3606;207.7;49.8;587.8;99.26;77.236;311.95;470.7;430.7;233.7;83.28;13.68;375;103.75;66.78;249.5;1115.5
10.02.2021;10825.75;25.0206;87.5;549.4;3606;204.6;49.72;595.8;100.2;77.425;310.7;469.4;434.5;236.9;83.82;13.74;379.6;103.3;66.14;249.9;1110
11.02.2021;10852.91;25.0013;88.12;553.8;3617;203.2;50;601.8;100.7;77.491;312.65;465.5;435.3;232.3;83.9;13.62;375.3;104.45;66.28;252.3;1119
12.02.2021;10880.37;25.2714;87.78;557.4;3655;208.5;49.95;610;100.72;77.719;313.2;464.8;436.3;238.9;83.9;13.7;372.7;104.8;66.5;254.6;1117.5
15.02.2021;10940.99;25.3871;88.88;561.6;3626;210.7;50.84;609;100.86;78.098;313.2;468.3;441.9;240.7;84.96;13.95;377;105.8;66.64;256.3;1130.5
16.02.2021;10907.6;25.6572;89.08;556.6;3601;210.9;50.58;612.6;100.3;77.34;311.75;465.9;439.5;240.4;84.46;14.12;377.2;106.35;65.88;255.2;1131.5
17.02.2021;10809.28;25.3292;87.66;551.8;3562;207.9;49.41;609.4;100.36;76.582;308.1;468;439.2;238;83.38;13.98;376.3;102.65;65;249.8;1102
18.02.2021;10717.71;25.4836;86.96;550;3574;206.4;49.15;607.4;99.24;75.823;306.6;465.5;435;241.9;82.58;13.75;372;102.85;64.16;247.8;1091
19.02.2021;10704.75;26.1202;88.52;555.6;3565;210.1;49.95;600.8;98.21;75.113;303.15;464.8;443.7;242.2;82.52;13.91;375;104.6;64.48;248.6;1096
22.02.2021;10697.38;25.8887;87.88;549.6;3564;214.8;50.18;591.2;98.22;74.97;302.85;469.1;448.2;240.6;83.46;14.09;375;103.15;64.34;249.4;1100.5
23.02.2021;10609.03;25.3196;87.96;541.4;3518;210.8;50.36;585.2;96.7;74.25;299.95;467.5;447;235.4;84.44;14.125;373.1;98.38;64.8;242.7;1094.5
24.02.2021;10727.7;25.8308;89.38;549;3521;213.9;51.6;592.4;96.75;75.226;302.55;468.2;455.5;237.4;86.62;14.435;379.5;98.82;64.18;248.5;1103
25.02.2021;10658.87;25.8019;88.48;546.6;3485;215.5;51.44;583.8;96.2;74.913;297.05;467;460.8;237.3;87.1;14.48;379.1;98.54;63.8;245.4;1105
26.02.2021;10522.22;25.1942;87.58;536.2;3427;215.7;50.16;573.8;95;74.108;297.95;456.5;452.3;232.8;85.44;14.1;371.5;97.02;62.54;240.2;1090.5
01.03.2021;10706.59;25.8405;89.2;549;3472;222.5;51.9;575.6;96.93;75.53;300.25;461.8;459.4;235.3;87.12;14.405;376.4;98.54;63.78;246;1123.5
02.03.2021;10817.15;26.1491;89.32;557;3512;221.9;52.68;578;97.78;76.714;301.65;464.7;466.9;237.8;89.36;14.6;385.9;99;64.1;253.6;1135
03.03.2021;10771.88;26.2456;90.18;554.8;3436;237.7;52.86;565.2;96.96;76.563;298.8;462;462.3;228.6;89.58;14.595;388.5;95;63.14;253.4;1147.5
04.03.2021;10750.09;26.4385;87.88;558.2;3465;245.5;53.38;544.8;98.5;74.117;303.95;466.4;455.1;224.5;90;14.445;395.4;89.1;62.96;252;1121.5
05.03.2021;10607.79;26.1009;85.94;555.2;3405;240;52.42;533.4;98.57;72.876;298;467;446;219.7;88.66;14.35;390.4;86.18;62.66;248.8;1083
08.03.2021;10830.38;27.268;88.78;569.6;3478;244.1;53.9;541.8;99.36;74.743;303.15;476.4;460.3;221.4;91.54;14.795;399.3;87.96;63.36;254.8;1091.5
09.03.2021;10857.97;27.3355;89.36;575;3493;248.3;53.68;545;100.38;74.117;306;473.2;457.7;227.6;91.38;14.525;396.9;89.86;64.3;257.4;1103
10.03.2021;10909.77;27.403;89.26;568.8;3537;248.1;53.7;544;100.56;74.231;312.85;478.8;452.6;233.7;92.02;14.515;394.9;89.8;64.3;258.6;1113
11.03.2021;10883.23;27.6538;89.56;576;3562;252.1;54.02;552.6;100.46;74.354;307.85;477.7;450.7;235.9;91.64;14.29;391;92.22;64.1;264.5;1124
12.03.2021;10839.93;27.4513;91.42;579;3520;251.3;54.36;546;100;73.795;304.5;479.2;454.8;235.6;92.02;14.425;391.9;91.44;63.8;263.1;1122
15.03.2021;10867.33;27.3934;90.1;577.4;3527;251.8;53.6;544;100.36;74.354;310.8;482.9;457;243.5;91.2;14.17;392;92.28;63.52;262.1;1114.5
16.03.2021;10944.48;27.6249;90;582.4;3564;257;53.34;552;101.16;75.425;312.3;484.1;454.4;248.2;91.46;14.3;391.2;94.28;63.88;263.9;1146
17.03.2021;10922.49;27.5574;89.84;581.2;3558;260.5;52.88;542.4;101.38;75.103;311;485.6;451;245.1;90.86;14.525;391.3;92.06;63.74;262.9;1128
18.03.2021;10973.76;27.9239;92.14;577.8;3524;269.5;53.24;542.8;101.62;75.397;306.45;487.5;457.4;246.3;91.94;15.1;397.3;94.24;63.88;265.7;1145
19.03.2021;10967.37;28.165;89.32;576.2;3517;267.3;52.86;541;102.8;75.719;308.2;486.5;452.8;242.7;91.46;14.85;394.9;94.74;63.34;261.9;1137.5
22.03.2021;11048.58;28.2711;92;580.6;3559;270.8;52.74;552.2;102.78;75.823;314.8;490.8;453.2;243.5;91.36;14.82;395;96.9;63.66;261.8;1169.5
23.03.2021;11098.66;28.2518;91.5;585.4;3631;268.1;52.74;559;104.48;76.714;309.35;502;454.6;252.6;91.88;14.81;398.5;98.92;64.68;264.4;1174.5
24.03.2021;11063.87;28.0204;90.6;588.4;3616;272.5;53.94;554.2;104.06;76.402;304.65;504;458.5;253;92.82;14.92;400.3;95.84;65.02;262;1205
25.03.2021;11098.81;27.7889;89.66;589.6;3639;269.6;54.38;547.4;104.5;77.406;305.6;502.8;462.5;255.8;93.1;14.995;400;95.48;65.42;262.9;1203
26.03.2021;11116.81;28.2518;89.74;594.6;3631;266.9;55.02;548.6;104.14;77.605;303.65;505.2;465.4;256.2;93.72;15.125;402.1;97.5;65.24;265.5;1220.5
29.03.2021;11089.6;27.432;90.38;600;3611;267.8;55.12;544.2;105.22;78.079;304.5;508.2;465.9;254.6;94.24;14.535;405.4;96.02;65.06;266.1;1200
30.03.2021;11121.42;27.5091;92.58;605;3618;271.9;56.06;528.6;105.94;77.586;303.85;507.6;470.2;251.9;94.56;14.69;410.1;96.84;66.6;268.6;1220.5
31.03.2021;11047.37;27.5477;90.74;601.6;3642;269.7;55.54;528.4;105.34;76.553;305.45;507;464.6;250.4;92.96;14.635;403.4;99.14;66.18;270;1207
01.04.2021;11118.03;27.7696;92.1;608;3670;273.9;55.52;536;105.52;76.913;305.4;510.8;471.7;255.3;93.5;14.88;406.7;100.65;66.72;272.5;1230
02.04.2021;11118.03;27.7696;92.1;608;3670;273.9;55.52;536;105.52;76.913;305.4;510.8;471.7;255.3;93.5;14.88;406.7;100.65;66.72;272.5;1230
05.04.2021;11118.03;27.7696;92.1;608;3670;273.9;55.52;536;105.52;76.913;305.4;510.8;471.7;255.3;93.5;14.88;406.7;100.65;66.72;272.5;1230
06.04.2021;11182.95;28.2133;94.72;615.8;3693;274.3;56.5;537.8;106.28;77.131;305.3;484.7;474.9;258.9;93.34;15.085;406.2;101.2;66.82;275.4;1262
07.04.2021;11128.18;27.9335;93.3;614.6;3675;269.6;56.92;535.4;107;76.108;302.2;486.4;477.7;257.7;93.48;14.955;407.5;98.64;66.26;272.3;1265.5
08.04.2021;11206.88;28.1361;93.3;617.4;3738;272.6;56.58;538.2;108.26;76.439;307.15;486.8;473.4;258.3;93.5;14.89;404.4;100.1;67.3;273.7;1290
09.04.2021;11238.52;28.4833;93.22;622.8;3803;275.9;57.08;548.4;108.8;76.676;309.65;485;475.9;260.9;93.34;14.935;385.5;100.65;67.6;275.5;1301
12.04.2021;11181.35;28.2904;92.2;618.6;3764;275;57.04;536.4;108.3;76.468;306.8;482.8;475.4;260.1;93.76;14.825;384.4;100.1;68.32;272.5;1317.5
13.04.2021;11122.37;28.0879;93.64;617.8;3844;279.4;57.08;548.4;107.78;75.624;306.05;474.4;473.8;262.7;91.04;14.415;379.7;100.95;67.4;265.1;1343
14.04.2021;11156.21;28.2422;96.74;612.4;3845;278.6;57.56;555.6;107.32;75.71;308.95;473.8;473.2;262.4;90.38;14.64;379.2;101.65;67.5;263.2;1322.5
15.04.2021;11198.7;29.1296;96.66;613.2;3839;281.9;57.26;562.2;107.88;76.326;309.5;475.5;470.9;262.4;90.2;14.535;378.1;101.95;68.08;266.1;1301.5
16.04.2021;11262.97;29.6022;96.2;613.6;3854;283.7;58.44;558.4;108.7;76.648;309.2;479.3;473.3;265.1;90.64;14.815;381.6;103.9;67.98;270.7;1321
19.04.2021;11209.84;29.3611;95.74;613.6;3895;283.2;57.82;556.4;106.48;76.714;310.3;482.9;477;267.9;90.8;14.605;382.5;104.55;67.56;269.7;1306.5
20.04.2021;11078.98;28.6762;92.82;608;3888;283;56.6;550.4;105.96;76.155;308.05;481.5;467;266.2;84;14.22;377.8;102.65;67.44;271.8;1290
21.04.2021;11209.09;28.7631;94.76;614.4;3916;285.2;57.08;557.4;106.94;76.989;317.15;483.4;466.4;266.4;83.8;14.055;378.4;103.75;69.06;277.6;1287
22.04.2021;11224.9;28.6955;95.12;616.2;3901;287.8;56.74;563.6;110.02;76.932;312.85;480.3;464.5;269.7;83.54;13.975;375.5;105.05;69.26;272.9;1286.5
23.04.2021;11200.54;28.8885;95.1;621.8;3907;292.3;56.98;557.8;109.64;76.439;309.45;477.5;465.5;270.4;83.26;13.995;377.7;106.35;69.38;276.1;1287.5
26.04.2021;11162.09;28.8306;94.98;621;3876;284.6;57.38;556.6;108.54;76.231;306.45;475.6;469.5;269.5;83.96;14.12;379.4;105.45;69.5;276;1299
27.04.2021;11092.08;29.1007;93.68;621.8;3875;278.3;56.56;558.8;108.12;74.989;305.25;476.9;443.5;269.9;83.04;13.84;376.2;104.25;69.18;278.9;1303
28.04.2021;11103.46;29.2839;94.16;619.2;3845;279.1;56.98;557.2;108.38;74.989;302.3;475.3;449.4;267.5;83.78;14.1;378.6;102.9;69.32;278.3;1301.5
29.04.2021;11079.51;29.0331;94.04;611.4;3860;275.5;56.62;571;109.16;74.193;299.85;496;445;270.3;82.48;14.12;376.2;98.9;68.96;277.5;1318
30.04.2021;11022.34;28.5991;93.64;600.4;3824;273;56.3;580.8;108.88;73.89;297.6;495.3;444.9;270.1;84.88;13.925;374.7;102.4;68.5;272.4;1300
03.05.2021;11119;28.8692;94.84;605.2;3844;276.2;56.8;590;109.2;74.459;301.7;497;448.1;273.5;86.06;14.01;378.7;100.2;69.14;274.5;1318
04.05.2021;10970.93;28.4448;92.88;608.8;3814;273.6;56.6;576.2;107.96;73.937;297.15;496;443.1;271;84.54;13.625;371.8;100.5;67.7;271.4;1300.5
05.05.2021;11108.88;29.5347;95.08;630;3902;281.5;57.8;585;108.72;74.762;299.8;498.7;448.4;274.1;85.8;13.975;376.3;103.2;63.8;280.1;1327.5
06.05.2021;11111.1;29.4575;94.74;632.6;3890;278.7;57.42;574.8;108.9;74.951;299.55;497.4;454.4;267.9;87.1;14.115;380.8;100.45;62.52;280.1;1322.5
07.05.2021;11173.57;29.5251;95.66;632;3884;278.4;55.48;577.4;109.12;75.34;303.2;494.8;459.8;273;87.74;14.13;385.7;103.8;64.24;282.3;1340.5
10.05.2021;11123.67;29.3032;95.48;622.8;3891;280.6;55.34;563.6;109;75.293;301.75;494.8;462;265.8;88.1;14.08;387;98.38;62.04;278.5;1323
11.05.2021;10989.32;28.927;93.88;610.2;3823;277;53.98;555.2;108.24;74.8;298.75;495.8;451;258.1;86.5;13.625;380.4;95.26;61.7;272.5;1311
12.05.2021;11033.9;28.8595;93.42;614.2;3795;276.5;53.96;558.4;108.42;75.871;301.05;501.8;455.7;254.9;87.16;13.8;379.1;91.46;60.92;271.5;1286.5
13.05.2021;11033.9;28.8595;93.42;614.2;3795;276.5;53.96;558.4;108.42;75.871;301.05;501.8;455.7;254.9;87.16;13.8;379.1;91.46;60.92;271.5;1286.5
14.05.2021;11120.77;29.6215;94.34;621;3827;283.1;54.06;564.2;108.84;76.288;303.45;503.8;459.5;255.6;88.12;13.89;381.9;94.1;61.92;273.8;1300
17.05.2021;11135.37;29.3514;94.18;620;3856;286.5;54.16;565.6;109.62;75.966;304.7;505.8;461.7;260.8;87.88;13.975;380.7;95.3;62.06;275.1;1278.5
18.05.2021;11141.75;29.3514;95.42;624;3854;291;54.56;563.2;109.42;75.558;306.45;508;461.5;290.8;87.56;14.035;378.9;96.76;61.8;275.8;1289.5
19.05.2021;11045.2;28.4833;93.48;619.4;3867;287;53.18;558.6;109.34;74.932;304.45;508;453.1;296;85.62;13.91;375.1;97.36;61.1;276;1267
20.05.2021;11152.08;28.7727;94.64;631.2;3956;293;53.12;567.8;110.44;75.037;308;509.8;455.3;297.4;85.6;14.115;374.6;100.3;61.76;281;1303
21.05.2021;11225.58;29.0814;99.32;632.8;3966;295.7;53.26;569.4;110.54;75.16;310.8;510;461.5;311.5;85.78;14.26;374.7;100.9;62.4;283;1316.5
24.05.2021;11225.58;29.0814;99.32;632.8;3966;295.7;53.26;569.4;110.54;75.16;310.8;510;461.5;311.5;85.78;14.26;374.7;100.9;62.4;283;1316.5
25.05.2021;11305.74;29.1103;102.55;642.4;4013;296.9;53.6;575;111.62;75.302;312.3;510;458.4;312.8;85.82;14.4;374;103.7;61.94;286.7;1335.5
26.05.2021;11348.74;29.0814;105.65;643;4035;303.7;53.52;577.2;111.78;75.814;313.2;509.8;457;312.1;85.74;14.21;374.4;107;62.64;288.4;1336
27.05.2021;11340.27;29.4575;106.7;647.2;4005;301.5;54.04;572.4;110.6;75.397;313.15;507.8;466.8;311.1;86.7;14.48;374.4;109.65;61.64;288.6;1339
28.05.2021;11426.15;29.5926;109.3;653.8;4025;303.9;53.92;582.4;111.12;75.444;315.6;508.8;469.5;318.9;87.08;14.695;378.7;110.8;62.84;290.1;1360
31.05.2021;11363.45;29.5829;109.65;650.6;4013;303.6;53.46;579;110.7;74.8;312.7;506;466.4;319.8;86.4;14.585;375.6;111.4;62.56;289.3;1367
01.06.2021;11434.88;29.9495;112.55;656.2;4023;302.9;54.92;588;110.78;75.16;312.6;508.6;471;316.3;87.02;14.795;378.5;113.15;63.38;291.8;1355.5
02.06.2021;11470.35;30.1906;114.45;657.4;4032;306.6;54.92;589.4;111.52;75.871;312.45;512;467.1;311.4;86.56;14.755;376.8;116.6;62.92;291.1;1345
03.06.2021;11510.6;30.2292;113.3;658.6;4048;310.3;55.02;585;111.82;76.411;315.95;517;465.9;313;86.64;14.93;376.7;118.75;62.44;288.9;1356
04.06.2021;11570.68;30.2967;113.5;659.4;4086;312.6;54.52;586.8;112.9;76.79;319.9;515.6;460.8;315.8;86.26;14.76;377.5;118.7;63.16;292.1;1365
07.06.2021;11630.66;30.3546;115.3;656.6;4074;316.7;54.7;610;112.82;76.572;327.6;515.2;459.7;325.3;85.54;14.765;373.8;119.25;63.04;291.8;1363.5
08.06.2021;11656.89;30.1906;115.3;666.4;4104;314.5;54.74;624.2;113.4;76.184;330;520;459.6;320.2;84.86;14.73;373.2;121.4;62.24;292.6;1379
09.06.2021;11788.1;30.0459;116.25;667.4;4169;318;55.52;645;113.92;77.956;340.15;522.6;456.2;325.5;83.88;14.605;370.9;124.65;62.42;291.8;1372.5
10.06.2021;11810.8;29.8337;114.65;662.8;4230;317.1;56.28;653.4;113.74;79.197;340.75;527.2;454.2;321.2;83.8;14.55;368.2;119.4;62.46;292.1;1370
11.06.2021;11841.3;29.853;114.6;666.2;4228;318.7;56.6;661.6;113.82;78.97;342;523;457;321;84.48;14.58;370.2;115.6;63.32;294.1;1387.5
14.06.2021;11866.41;29.9302;115.1;669.6;4230;318.8;56.56;664.6;113.82;79.463;341.7;525;457.3;326.4;84.8;14.615;371.5;115.9;63.84;293.8;1395
15.06.2021;11921.97;30.1617;115.25;672.6;4264;318.6;56.44;660.2;114.6;79.889;343.65;526;461.4;330.8;85.36;14.665;374;115.75;63.86;295;1394.5
16.06.2021;11982.03;29.8337;115.3;675.8;4282;319.5;56.9;665.6;114.76;80.733;347.1;530;465.6;328.5;86.16;14.57;378.2;115.6;64.16;297;1394
17.06.2021;12011.11;29.6215;115.05;675.2;4233;312.8;56.22;658;115.46;81.444;348.4;531.2;465.8;329.7;86.36;14.635;381;116.25;64.78;294.5;1399
18.06.2021;11941.25;29.2164;112.45;676.4;4253;310.6;55.2;652;115.5;81.245;348.25;528.6;460.9;333.3;85.12;14.34;375.8;112.9;64.76;294.2;1367.5
21.06.2021;11995.63;29.7276;113.6;683.6;4320;317.9;55.74;644.2;116.2;81.662;349.15;532.8;462.7;332.7;85.14;14.27;374.8;116.2;64.68;296.4;1374.5
22.06.2021;11982.48;30.0652;113.6;690.6;4336;320;55.98;648.8;116.24;81.311;345.3;533.2;461.6;335.3;85.1;14.205;375.3;115.3;64.8;300;1381
23.06.2021;11898.62;29.8819;112.8;688.2;4333;316.1;55.46;646;115.66;80.515;340.5;526.4;457.9;334.2;84.6;14.215;372.3;115.3;64.4;301.3;1376.5
24.06.2021;11993.64;30.2871;114.2;699.6;4377;317.5;56.26;663.8;116;80.638;343.05;527.4;461.7;341.7;85.08;14.32;375.7;115.65;64.58;303.6;1401.5
25.06.2021;11999.7;30.5282;113.35;699.4;4343;317.3;56.86;661;115.9;80.24;344.8;527.8;464.2;345.5;84.96;14.355;376.5;111.5;64.56;304.2;1409.5
28.06.2021;12009.17;30.4125;113;698.4;4332;317;55.86;666.6;116.12;80.477;348.05;529.6;460.8;345.5;84.14;14.225;375;111.65;64.6;305.3;1402
29.06.2021;12028.45;30.6729;112.85;706.4;4344;317.6;55.94;664;116.3;80.155;348.8;528;458.1;347.8;84.28;14.285;375.1;112.7;65.2;308;1418.5
30.06.2021;11942.72;30.2774;111.95;694;4303;316.6;55.5;655.8;115.22;79.918;348.55;528.2;449.6;348;83.48;14.16;371.2;112.1;64.78;302.5;1401.5
01.07.2021;11977.03;30.2388;111.85;692.4;4285;314.5;55.38;657.2;115.56;80.013;350.15;528.2;455.2;349.4;84.06;14.28;372;111.2;65;305.5;1409
02.07.2021;11964.84;30.6054;111.6;691.4;4319;321.6;55.18;655.4;115.62;80.107;349.55;527.6;455.1;354;83.96;14.165;367.6;112.75;65.02;303.3;1417.5
05.07.2021;11967.57;30.75;111.95;691;4323;321.4;54.86;655.4;115.14;79.795;350.35;528.8;460.9;351.9;84.4;14.31;368.2;112.85;64.9;302.9;1419
06.07.2021;11965.22;30.6729;110.55;694.2;4314;317.3;53.82;665.8;115.08;80.136;353.5;531.6;453.1;352.3;82.78;13.985;364.7;114.65;65.28;304.7;1430.5
07.07.2021;12085.51;31.2709;111.9;710.8;4397;320;54.36;679.2;116.5;80.534;355.95;536.8;456.4;358.8;83.84;13.975;367.7;115.65;66.06;310.6;1444.5
08.07.2021;11924.66;31.0298;108.95;704.6;4330;312.8;52.98;669.4;115.46;79.719;353.95;531.4;446.2;355.3;83.04;13.475;360;115.3;64.52;306.9;1409
09.07.2021;11989.81;31.6857;110.65;710.4;4333;314.6;53.64;666.8;115.2;80.505;353.1;535.8;453.3;330.2;84.2;13.675;365.1;114.95;64.42;309.1;1420
12.07.2021;12081.62;31.6567;112.35;718.2;4379;319.8;53.78;672;115.8;80.97;356.3;542;457.4;339.2;85.06;13.78;367.5;114.95;64.84;311.1;1455
13.07.2021;12071.05;31.6567;112;723.8;4398;319.8;53.62;669;115.88;80.657;356.2;543;457;340.2;85.56;13.77;367.5;112.7;64.56;312;1450
14.07.2021;12043.35;31.5506;114.15;720.6;4362;321;53.92;661.8;115.46;80.449;355.5;537.6;454.8;340.9;84.98;13.79;365.9;112.05;63.96;311.7;1437.5
15.07.2021;11976.79;31.5313;112.15;722;4374;319.6;53.42;654;114.82;79.444;355.25;537.6;451.9;346.8;83.98;13.835;363.9;110.5;63.08;312.9;1434
16.07.2021;12026.5;31.3191;111.15;722;4409;314.2;52.66;658.4;115.74;80.06;359.1;544.8;451;342.9;83.5;13.75;364.3;109.4;63.34;312.8;1461
19.07.2021;11862.08;30.4896;107.15;716.6;4456;310.1;50.88;657;115.54;78.743;356.95;539.6;435.2;343.9;79.92;13.35;354.8;108.7;63.04;308.5;1432
20.07.2021;11945.68;31.0105;108.55;722.2;4475;312.1;51.8;658;116.34;78.989;354.55;544.2;444.8;340.7;80.62;14.06;358.9;108.15;63.38;310.7;1448.5
21.07.2021;12021.58;31.512;111.3;727.6;4471;309.4;52.78;663.2;116.04;78.439;355.95;546.6;459;344.1;82.86;14.465;365.2;111.25;63.76;313.3;1476.5
22.07.2021;11977;31.975;113;735.2;4446;302.7;53.08;677;114.2;79.444;343.05;546;462.6;349.5;83.04;14.43;366;111.3;64.66;313.9;1513.5
23.07.2021;12130.83;32.4766;116.1;743.6;4489;307.6;53.3;705.6;115.62;80.155;347.3;544.8;465.3;352.2;83.26;14.62;366.7;110.6;65.42;320.2;1529.5
26.07.2021;12049.63;32.4959;117.15;732.8;4425;307.7;53.56;686;114.32;79.15;344.55;543.4;468.9;347.7;83.74;14.86;368.6;111.05;64.16;315.6;1521.5
27.07.2021;12021.09;32.4284;114.55;733.4;4472;306;53.36;682.6;114.52;78.932;344.55;546.6;467.1;346.6;83.68;14.845;367.2;100.1;63.96;313.5;1513
28.07.2021;12073.23;32.3126;115.85;739.8;4501;307.3;53.36;685.6;114.12;79.596;347.6;546;466.9;353.4;84.04;14.745;367.4;98.76;65.66;314.7;1532.5
29.07.2021;12086.74;32.2548;116.95;745.8;4483;302.6;53.72;692.6;113.7;79.16;347.6;543.2;469.3;353.8;84.76;15;367.4;97.92;65.92;318.4;1558
30.07.2021;12116.82;31.9557;116;743.8;4522;305.6;53.1;705.2;114.8;79.501;350.35;545;468;355.9;82.02;14.94;365.8;99.06;66;319.1;1548.5
02.08.2021;12171.02;31.8882;118.05;747;4534;306;53.42;714.4;114.86;79.397;351.9;546.6;470.3;358.5;82.62;15.085;368.1;98.5;67.04;319.9;1561
03.08.2021;12163.22;32.139;118;746.2;4532;305.9;53.16;719.4;114.1;79.122;352.75;549;472.4;360.2;82.28;15.04;369.3;97.84;66.72;319.9;1568.5
04.08.2021;12178.74;32.5055;115.75;760;4552;305.2;52.84;721;113.56;78.998;354;547.2;474.2;367.9;82.62;15.1;373.1;98.48;67.58;324.1;1587
05.08.2021;12199.82;32.5923;115.35;760;4559;304.6;52.64;718.4;113.04;78.951;358.15;553;476.2;369.5;83.36;15.155;375.7;99.76;66.12;325.2;1598
06.08.2021;12176.3;32.5538;115.95;751.4;4513;303.3;52.86;707.2;112.88;79.141;353.25;544;479;365.2;84.24;15.405;381;99.28;65.9;322.3;1594
09.08.2021;12310.75;32.5152;116.2;757.8;4554;304;52.74;716.2;113.72;80.231;362.35;550;483.9;364.9;84.76;15.5;386.4;99.68;66.48;323;1604.5
10.08.2021;12361.69;32.9589;115.7;764.2;4553;304.6;53.14;719.6;113.84;80.382;364.85;549;488.1;361.8;85.3;15.61;388.2;99.72;65.94;328.7;1620.5
11.08.2021;12387.9;33.1904;114.95;767;4566;309.1;53.58;720.4;113.9;80.847;367.4;548;488.9;357.3;85.76;15.66;390;99.7;65.56;329.2;1578
12.08.2021;12429.17;33.3061;115.2;775;4571;314.7;54;722;113.6;81.264;366.9;548.2;491.1;361.4;86.4;15.675;404.9;100.75;65.34;330.6;1597.5
13.08.2021;12464.44;33.3929;114.9;771.2;4596;315;54;722.2;114.54;81.472;367.95;547.6;494.4;360;86.92;15.685;408.1;98.72;64.84;331.6;1610
16.08.2021;12419.14;33.2965;111.7;768;4569;314.8;53.12;726.2;114.64;81.425;368.35;546.2;494.7;358.9;86.78;15.515;405.1;98.26;64.44;328.2;1602
17.08.2021;12477.44;33.1904;109.55;766.8;4625;329.5;52.66;738.4;116.36;82.211;370;547.2;486.1;358.3;86.5;15.475;403.6;98.76;64.56;328.3;1623.5
18.08.2021;12545.35;33.5087;106.45;765.2;4628;328.2;52.62;752.6;116.14;82.221;372.55;548;487.7;361.5;86.7;15.54;407.9;98.02;73.28;329.4;1629
19.08.2021;12403.58;33.0843;99.34;752.4;4602;325.9;51.48;749;116.18;80.951;372;545;479.1;354.9;85.14;15.18;404.4;95.32;73.76;325.2;1589
20.08.2021;12415.66;33.1807;99;761.4;4625;322.1;51.34;762.6;116.42;81.008;368.4;548.2;478.6;358.7;85.32;15.21;405.6;96.14;73.98;328.4;1610.5
23.08.2021;12476.87;33.3543;102.75;767.8;4663;328.2;51.92;767;116.22;81.482;368.4;550.2;482.7;358.6;86.26;15.285;407.4;97.4;74.24;330.5;1616
24.08.2021;12436.66;33.3929;103.6;761.2;4631;328.7;52.16;769;115.96;80.107;366.4;541.6;484.9;351.5;86.66;15.355;406.8;97.46;74.54;331.6;1629.5
25.08.2021;12364.57;32.901;103.5;758.6;4594;328;52.08;768.6;115.04;79.444;362.15;538.8;482.7;354.1;86.34;15.53;404.6;95.92;73.94;329.1;1635
26.08.2021;12409.03;33.1229;103.6;765.8;4599;326.5;52.32;764;115.56;79.842;365.75;538.8;483.6;351.8;85.96;15.445;402.7;96.22;74.64;331.5;1626
27.08.2021;12439;32.9878;103.3;769.4;4628;332.4;52.64;777.8;116.36;79.88;366.3;539;484.6;356.9;85.92;15.395;402.6;95.2;74.7;332.4;1623.5
30.08.2021;12436.58;33.1325;102.2;770;4636;337.6;52.58;775.8;116.98;79.681;365.8;539.8;483.6;359.4;84.86;15.34;401.7;96.64;75.36;333.4;1622.5
31.08.2021;12411.11;32.7177;101;765.2;4595;335.1;52.2;775;115.74;80.363;367.75;537.4;477.6;353;84.26;15.28;402;93.64;75.44;330.1;1624
01.09.2021;12432.79;32.7949;103.3;766.8;4577;335.2;52.4;774.2;115.88;80.24;366.75;535.6;483.6;358.4;84.52;15.36;404.6;95.28;76.26;328.9;1632
02.09.2021;12432.46;33.1421;104.1;771;4588;339.9;52.24;777;115.52;80.041;365.5;533.8;482.5;363.2;83.3;15.37;403.5;93.1;76.96;333.6;1636
03.09.2021;12351.84;33.2;101.5;763;4584;337.7;51.96;768.8;115.22;79.017;364.75;535.2;478.8;358.3;82.62;15.295;399.3;94.36;77.24;329.9;1622.5
06.09.2021;12430.23;33.2965;103;767.8;4613;342.5;49.98;784.6;115.76;79.264;367.6;537.4;482.6;364.6;82.88;15.42;404.2;94.68;78.4;332.9;1637
07.09.2021;12344.38;32.8238;105.5;768;4573;347.5;48.45;773.6;115.64;78.288;362.45;537.2;482;367.3;82.86;15.445;399.1;95.5;78.06;329.5;1636.5
08.09.2021;12215.14;32.4187;104.8;760;4547;342;47.34;769.6;114.82;76.913;358.65;537.4;477.4;363.5;82.44;15.32;400.4;92.48;77.34;324.4;1590
09.09.2021;12116.43;32.3994;104.8;762.6;4537;345.2;47.83;771.6;114.82;75.615;348;534.8;476.4;359.6;82.58;15.235;399.7;92.86;77.42;324.7;1581.5
10.09.2021;12060.64;32.5152;107.75;760.2;4519;340.6;47.76;767.4;114.96;74.563;344;526.2;471.7;361.3;81.34;15.205;396.9;93.1;77.12;323.1;1584.5
13.09.2021;12074.81;32.6213;107.2;762.6;4530;339.3;48.34;761.8;115.06;74.496;341.65;530.2;478.4;358.2;82.96;15.395;401.2;90.86;77.82;325.1;1579.5
14.09.2021;12097.28;32.7274;103.4;764.8;4546;346.3;48.29;776.6;114.56;74.686;346.2;532.6;476.9;371.7;82.46;15.315;399;91.5;79.36;327.6;1591.5
15.09.2021;11984.83;32.3705;99.1;751.8;4524;355.9;47.89;767.4;113.58;74.165;343.7;532.2;474.7;372.7;81.8;15.355;395.3;89.4;80;323.7;1577
16.09.2021;12028.44;32.5634;97.98;756.2;4583;360.8;47.79;775.6;114.24;73.824;345.15;531.2;479.8;384;82.06;15.46;396.3;89.34;79.68;327.6;1609
17.09.2021;11935.53;31.9268;99.48;745.6;4489;355.5;46.91;752.8;114.38;73.397;342.9;535.8;476.1;379.2;80.62;15.31;388.5;87.8;78.34;323.9;1604
20.09.2021;11766.42;31.0298;96.34;738.4;4464;349.6;45.4;748.4;113.78;73.179;341.5;530;457.9;374.9;78.1;14.305;379.3;88.52;78.02;319;1564
21.09.2021;11789.17;31.0394;95.66;746.2;4513;352.4;44.66;757;114.64;73.046;339.35;531.4;460.1;384.2;78.48;14.125;379.8;88.62;78.64;324.8;1613
22.09.2021;11837.57;31.4059;97.68;742.8;4457;352.3;45.38;757.4;114.78;72.629;340.05;532;466.8;381.2;79.88;14.45;385.8;90.36;78.44;325;1622.5
23.09.2021;11938.62;31.8014;101;740.6;4509;355.2;45.83;759.8;115.02;73.274;342.6;534;471.5;384.5;80.42;14.64;388.2;92.7;79.2;327.3;1641.5
24.09.2021;11817.2;31.1841;100.45;722.8;4372;349.8;45.51;742.6;113.44;72.942;340.4;532.8;471.4;373.3;80.3;14.72;385.1;91.64;78.26;321.9;1594.5
27.09.2021;11691.18;30.8658;99.16;697;4236;335.4;46.2;721.6;111.5;72.658;337.55;528;476;363.1;81.3;14.9;387.6;89.94;77.26;306.9;1559
28.09.2021;11485.58;30.1617;96.76;684.2;4204;325;45.72;693.6;109.96;72.146;332.6;526;465.4;353;80.02;14.845;382.8;83.42;75.6;298.2;1450
29.09.2021;11628.33;30.2581;97.88;691.2;4233;325.7;45.33;696.8;112.46;73.198;338.05;538;469.3;353.6;80.82;15.07;385.5;83.62;75.92;298;1461.5
30.09.2021;11642.45;30.2774;97.42;689;4262;319.4;45.14;701.6;112.7;72.819;341.95;537.4;473.5;355.2;80.14;15;383.6;83.26;76.04;296.8;1466.5
01.10.2021;11575.37;29.5251;99.06;683.2;4281;312.7;44.84;695.2;111.72;72.089;345.25;534.6;471.5;353.2;79.74;14.755;381;81.52;74.14;294.7;1433
04.10.2021;11582.35;29.2936;99.38;676;4256;296.1;44.94;690.2;112;72.326;349.5;543.4;470.2;344.8;79.8;14.74;380;81.1;72.26;293.5;1398
05.10.2021;11587;29.5154;98.94;682;4260;300;44.64;698.4;112.16;72.032;346.45;543.2;474.6;347.1;79.96;15.015;381.3;81.36;72.7;293.4;1406
06.10.2021;11569.39;29.0717;96.96;682;4308;295;44.08;699.6;112.16;71.634;349.5;536;471.6;344.9;79.56;14.825;380.6;80.28;72.04;297.1;1424
07.10.2021;11763.64;29.7951;101.2;693;4319;298.1;44.95;696.8;112.82;72.753;356.35;534.2;480.7;350.5;80.72;15.355;385.3;81.9;73.08;306;1468
08.10.2021;11764.99;29.6022;100.2;687.4;4262;297.7;44.96;691.6;112.46;72.601;360.6;537;480.8;340.1;80.7;15.55;387.5;82.14;72.9;302.7;1445
11.10.2021;11771.57;29.4382;101.15;686.2;4287;295.4;44.33;695;112.12;72.696;362.6;538.4;474.6;345;80.36;15.625;386.9;81.4;73.24;300;1438
12.10.2021;11756.76;29.689;101.3;691.2;4186;295.5;44.16;698.6;112.6;72.563;358.75;542.6;475.7;348;80.26;15.58;389;81.6;72.5;300.9;1447.5
13.10.2021;11814.59;30.2195;104.3;698;4243;295.8;44.15;719.2;113.32;72.506;357.1;544;472.4;355.2;79.7;15.48;386.7;82.88;73;307.8;1482.5
14.10.2021;11892.52;30.5571;108.6;700.8;4227;294.7;44.32;719.2;114.42;72.468;357.15;542.6;478.2;358.4;80.38;15.78;390.4;82.84;72.62;308.2;1519
15.10.2021;11961.34;30.779;109.9;707.6;4221;286.7;44.46;721.8;114.82;72.914;360.25;544.8;483.8;359.6;81.26;15.875;392.1;81.26;72.52;311;1522.5
18.10.2021;11968.08;30.4317;108.8;707.6;4260;291.1;44.38;724;115;72.335;363.95;543;481.7;361.6;81.04;15.915;388.7;82.8;72.06;314.8;1537
19.10.2021;11942.74;30.75;109;713.2;4279;297.7;45.21;722.8;112.96;72.686;357.95;539.4;486.4;364.2;82.08;15.935;392.3;83.22;74.68;315.3;1542.5
20.10.2021;12013.15;30.9622;109.65;716;4271;288.6;45.23;734.8;115.96;73.662;352.2;544.6;486.2;368.4;82.42;16.02;397.3;83.2;74.66;313.8;1557.5
21.10.2021;12039.14;29.0331;110.05;711;4295;291.3;44.92;751;116.88;73.501;357.8;543.8;484.4;375;81.72;15.935;396.1;83.06;75;313.1;1575
22.10.2021;12056.21;29.2164;111.85;715.4;4301;295.9;45.04;755;117.06;73.492;355.8;547.4;486.8;374.2;81.58;16.07;397.5;82.46;74.92;314;1577.5
25.10.2021;12063.17;28.9946;112.15;716;4326;292.1;45.33;750.4;116.8;72.999;357.25;550.4;488.5;379.7;81.76;16.36;398;81.88;75.72;311.4;1590
26.10.2021;12146.52;29.2453;114.15;714.8;4343;287.8;45.51;754.4;117.46;73.805;357.95;555.2;498.5;381.9;83.98;16.565;404.1;78.38;76.48;310.3;1600
27.10.2021;12087.45;29.3997;113.3;716.8;4371;290.5;45.39;755;118;72.051;354.55;547.8;497.4;380.3;85.02;16.61;405.2;76.6;75.48;311;1603.5
28.10.2021;12153.1;29.2164;114.25;721.6;4407;290.1;45.6;758.8;119.92;72.525;356.8;507.2;497.7;387.1;85.7;16.555;405.1;77.04;75.78;314;1610
29.10.2021;12108.17;29.2164;113.1;714.8;4309;288.3;45.71;750.6;120.82;71.691;354.05;498.4;502.6;378.3;88.64;16.645;405.9;76.22;75.66;310;1597.5
01.11.2021;12216.33;29.2453;114.35;720.6;4365;288.9;46.63;763.2;120.4;72.582;358.7;497.1;505.4;384.7;88.96;16.87;407.6;75.4;77.2;312.1;1600
02.11.2021;12321;29.7276;114.05;725.6;4423;292.1;46.64;775.6;120.6;72.828;367.45;498.5;508.6;386.9;90.26;16.965;408.5;73.64;77.96;314.7;1610.5
03.11.2021;12383.27;30.3932;115.25;716.8;4489;293.5;46.97;767.6;122.42;72.478;368.5;500.6;513.4;386.5;91.5;16.9;411;73.58;78.52;319.3;1621
04.11.2021;12403.05;30.5186;116.45;726.4;4466;299.8;46.56;770.6;123.34;72.345;370.3;501;509.4;398.8;90.84;16.65;410.9;74;78.32;321.3;1639.5
05.11.2021;12321.85;30.3739;120.3;716;4359;288.3;47.2;712.6;123.18;72.117;364.3;500.8;511.8;390.6;90.82;16.74;412.3;72.4;78.16;318.3;1655
08.11.2021;12353.35;30.7404;123.7;723.4;4399;294;47.28;714.8;122.2;72.089;365.95;498.4;512.8;387;91.02;16.765;411;72.92;78.92;321.2;1651.5
09.11.2021;12367.52;30.7597;123.5;723.2;4399;300.9;47.32;726;122.96;71.918;367.15;506.8;513.4;398.3;90.3;16.745;408.7;72.8;78.34;322.1;1640
10.11.2021;12401.4;30.8369;121.75;726.2;4432;290.6;47.53;729.8;123.46;72.601;370.1;507.4;513.4;387;90.2;16.685;409.4;72.42;77.5;322.5;1611.5
11.11.2021;12421.08;30.9237;122.65;735.4;4457;296;47.69;725.8;123.34;72.203;370.35;505.2;515;389.8;89.28;16.655;401.5;72.62;75.32;357.6;1615
12.11.2021;12516.05;31.1552;136;744.4;4498;297;48.2;737;123.66;72.241;369;510;517.2;396.7;89.18;16.685;402;74.2;75.04;354.8;1636.5
15.11.2021;12517.12;31.0973;139.8;734.8;4487;295.4;48.02;731.8;123.1;72.222;369;509.2;515.8;373.7;88.8;16.685;402.4;74.44;76.06;356;1614
16.11.2021;12557.34;31.4928;140.7;719.6;4500;290.2;48.28;737.8;123.58;72.506;369.15;510;518.4;369.2;88.82;16.805;402.4;74.18;77;356.9;1615
17.11.2021;12600.15;31.8786;141.55;725;4512;285.9;48.45;740.2;123.46;72.241;370.8;522.6;517.6;368.6;88.76;16.94;402.5;74.86;77.48;358.6;1632
18.11.2021;12553.19;31.84;141.4;730.8;4569;289.7;47.32;742.4;123.14;71.795;368.65;523.2;514.8;363;88.36;16.645;398;73.02;77.06;366.5;1627
19.11.2021;12545.01;32.0715;137.9;740.4;4637;291.3;46.62;758;122.76;72.07;369.95;517;506.8;363.8;87.5;16.24;392.5;76.16;77.16;369.4;1650
22.11.2021;12510.81;32.3319;139.25;719.4;4649;283.9;46.39;742.2;122.62;72.212;366.6;522;510.6;357.2;88.04;16.38;393;75.18;75.88;367.3;1641.5
23.11.2021;12366.73;31.9364;137.4;695.6;4513;268;46.84;707.4;122.04;72.98;357.2;523.6;507.6;348.7;88.46;16.29;393.7;75.12;74.42;361;1560.5
24.11.2021;12395.72;31.7435;138.9;698;4494;268.8;47.65;702.8;121.52;72.553;361.25;528.4;512.6;346.9;89.06;16.52;396.4;75;74.56;360.8;1562
25.11.2021;12449.68;31.7242;140.65;700;4495;267.4;47.69;716.4;122.04;72.572;362.05;527.8;530.8;350.4;90.04;16.575;395.8;75.18;75.18;364.7;1568
26.11.2021;12199.21;30.3835;133.45;693.4;4523;267.5;46.27;738.6;120.5;70.819;358.6;518;515.2;346.3;86.26;15.615;382.7;78.2;72.64;357.4;1530.5
29.11.2021;12220.74;30.8079;138.9;698;4524;266.1;45.48;730.4;120.1;70.364;357.5;513.4;524.6;344.2;86.66;15.755;381.8;75.44;73.08;363.7;1575
30.11.2021;12159.69;30.7597;136.7;703.8;4500;263.7;44.45;743;118;69.606;359.65;510.4;529.8;346.5;86.44;15.94;379.1;72.86;72.72;360.7;1590
01.12.2021;12266.46;31.1359;138.85;711.2;4490;265.8;44.67;730;118.16;70.364;365.8;512;527.6;350.5;87.52;16.165;385.3;74.36;73.38;364.4;1589.5
02.12.2021;12177.52;31.2034;136;703.4;4528;264.1;44.55;716.6;117.8;69.947;363.45;507.2;527.2;337.4;87.58;16.265;384.1;72.7;72.78;359.5;1499.5
03.12.2021;12175.77;31.2613;135.7;702.2;4555;261.6;44.36;718.4;118.82;69.729;362.25;508;535.2;335.4;88.14;16.14;385.5;71.12;72.96;359.5;1461.5
06.12.2021;12375.35;32.0618;137.45;715.8;4649;264.2;45.57;706.2;121.76;70.734;367.55;509.2;548;337.1;89.4;16.43;392.2;71.98;74.58;367;1460.5
07.12.2021;12513.62;32.3705;144.75;738.2;4741;273.8;46.2;730.6;121.88;70.942;368.25;510;546.8;347.8;89.42;16.66;393.8;75.16;76.52;374;1501.5
08.12.2021;12597.43;32.602;144.2;738;4769;274.5;45.91;742.4;123.8;70.914;372.9;506.4;548.2;344.3;89.24;16.64;392.2;75.46;77.96;373.8;1526.5
09.12.2021;12607.63;32.7274;142.2;739.4;4794;277.5;45.17;754.8;124.4;70.743;374.1;508.6;548.2;344;88.88;16.56;387.7;76.12;79;376;1518.5
10.12.2021;12607.73;32.5345;142.45;733.6;4807;277.4;45.21;752.6;124.94;70.762;377;509.8;547.2;343.9;88.3;16.475;387.3;74.82;77.16;377.3;1488.5
13.12.2021;12551.28;32.5827;140;734.6;4777;282.8;45.06;742.2;124.58;70.648;375.3;509.2;546;343.1;87.3;16.415;384.9;76;77.18;375.3;1478.5
14.12.2021;12411.58;32.2065;136.3;718.6;4718;276.5;44.89;725.2;124.02;70.81;365.45;512.8;544.2;333.5;87.64;16.38;384;75.08;76.24;369.6;1446.5
15.12.2021;12530.95;32.3416;137.5;727;4775;281.3;44.82;745.4;125.44;71.084;371.3;513.2;547.8;341.3;88.1;16.235;387.3;75.22;77.02;374.5;1469.5
16.12.2021;12790.89;33.3158;136.75;731.4;4830;289.3;45.16;755.6;127.12;75.16;378.1;519.8;556.6;338.5;89.28;16.55;391.2;76.56;79.02;382.2;1481.5
17.12.2021;12715.48;32.9299;131.3;717;4770;277.7;44.99;748;127.34;75.634;378.9;518;554.8;339.5;89.66;16.145;391.8;76.6;78.06;369.5;1466
20.12.2021;12589.89;32.2258;131.55;721.2;4774;286.1;44.2;752.2;127.26;74.506;374.75;514.4;539.8;333.4;87.04;15.795;387.2;74.76;77.2;367;1430
21.12.2021;12682.53;32.737;132.7;720.8;4730;285.2;44.94;743.2;127;75.217;378.55;518.8;547.2;339.5;88.62;16.12;394;76.34;77.24;369.2;1446
22.12.2021;12713.9;32.7177;133.65;726;4706;288.9;45.19;749.6;126.94;75.207;378.3;515;551.4;349.7;88.66;16.17;393.7;78.44;78.52;370.5;1482
23.12.2021;12785.32;33.4026;135.4;733;4717;290.1;46.03;749.4;127.04;75.842;376.45;517.4;556.8;353.7;89.9;16.43;398;77.8;79.5;371.8;1494
24.12.2021;12785.32;33.4026;135.4;733;4717;290.1;46.03;749.4;127.04;75.842;376.45;517.4;556.8;353.7;89.9;16.43;398;77.8;79.5;371.8;1494
27.12.2021;12866.9;33.7112;136.75;743.6;4749;292.2;46.42;763.2;127.32;76.013;380;515;559.6;354.8;90.02;16.52;398.9;77.9;80.46;375.9;1502.5
28.12.2021;12970.53;33.9041;137.15;748.4;4816;295.3;46.55;763.8;128.74;76.629;383.6;517.6;563;357.4;90.86;16.6;404;77.7;80.8;379.2;1517
29.12.2021;12926.56;33.9331;137.75;753.2;4824;297.4;46.67;758.2;128.34;76.136;380.9;514;562.8;359.6;90.56;16.51;401.8;77.08;80.7;381.6;1513.5
30.12.2021;12875.66;33.663;136.95;745.2;4792;294.4;46.51;761.6;127.44;76.089;379.1;514.6;559;357.8;90.26;16.42;400.4;76.88;80.74;380.2;1512.5
31.12.2021;12875.66;33.663;136.95;745.2;4792;294.4;46.51;761.6;127.44;76.089;379.1;514.6;559;357.8;90.26;16.42;400.4;76.88;80.74;380.2;1512.5
03.01.2022;12939.17;34.0295;137.75;747;4793;290.6;47.07;749.2;129.22;76.136;378.9;517.6;571;358.5;91.54;16.63;406.6;77.4;79.66;382.3;1499
04.01.2022;12900.97;34.3382;139.05;731;4755;292.6;48.11;721;129.5;76.269;371.3;514.2;579.4;354.6;92.58;17.04;410.3;77.44;78.84;379.5;1470
05.01.2022;12906.37;34.5215;143.3;740.8;4793;297.2;48.51;715.2;126;76.866;374.65;514;581;350.3;93.34;17.15;413;79.54;77.78;376.8;1461
06.01.2022;12792.28;33.9138;139.65;716.4;4619;293.9;48.2;708.8;125.72;77.34;371.65;513.8;581.6;342.2;93.84;17.34;413.9;75.26;76.2;361.8;1394.5
07.01.2022;12797.94;33.7691;136.65;712.8;4582;293;48.36;712.4;124.46;77.463;376.95;512.6;592.4;336.6;94.34;17.78;420;74.1;74.46;360.3;1379
10.01.2022;12597.35;32.602;132.7;685;4405;272.5;48.71;677.4;121.9;78.089;371.2;519.6;593.4;322.5;95;17.78;423.4;74.32;71.36;340.3;1325.5
11.01.2022;12709.71;33.0264;134.95;687.6;4446;271.1;50.66;683.8;122.18;78.382;375.55;519.8;596;326.3;94.6;17.82;427.7;77.98;71.74;350.2;1347.5
12.01.2022;12670.47;33.8752;134.8;696.2;4475;273.8;51.78;681;121.8;77.624;366.25;513.6;601;330.2;95.94;17.87;430.6;77.3;71.68;350.7;1400
13.01.2022;12620.44;33.6148;133.5;668;4396;270.3;52.24;667.8;121.4;78.193;362.15;516.4;607.8;330.7;96.06;17.94;436.8;75.44;71.14;344.7;1388.5
14.01.2022;12525.63;32.7081;131.1;651.6;4243;260.2;52;646.2;120.84;78.022;365;518;607;321.4;95.72;17.815;434.9;76.52;71.18;330.6;1365
17.01.2022;12633.21;32.9299;135.85;651.8;4285;265;52.54;663.8;121.94;78.145;367.35;516.6;611.4;327.7;97;17.98;439.6;76.38;71.92;334.7;1358.5
18.01.2022;12529.56;32.3319;134.1;645;4179;265;51.66;647;122.38;77.814;364.9;520.2;612;321.6;97.88;17.75;438.7;74.9;71.36;324.9;1309.5
19.01.2022;12525.69;32.7949;141;647.8;4201;264;50.8;654.2;120.16;77.207;365.7;518.4;594.4;326.7;97.48;17.66;439.6;72.86;72.2;331.9;1328.5
20.01.2022;12560.7;33.1711;141.15;647.6;4191;270;51.2;657.2;121.2;77.141;365.1;520.6;587.4;330.7;97.08;17.68;439.8;74.68;72.68;335.5;1349.5
21.01.2022;12355.54;32.3898;134.35;641.8;4149;261.3;50.26;642.4;121.04;75.7;360.65;518.4;576.2;323.3;96.94;17.49;433.2;70.54;71.2;327.4;1303
24.01.2022;11881.3;30.8754;127.85;618.8;4015;249.9;48.34;612.4;118;72.743;344.75;515.6;562.4;304.8;96.62;16.67;423.1;66.38;67.78;308.8;1242.5
25.01.2022;11945.69;31.078;128.05;617.2;4039;252.5;48.57;607;117.72;73.188;346.2;528.6;573.6;305.5;99.2;16.93;432.1;70.46;68.12;308;1266
26.01.2022;12098.26;31.6953;133;620.4;4066;256;49.41;605.2;117.96;74.079;349.1;524.8;589.6;315.7;100.45;17.345;438.4;74.68;69.6;313.4;1267
27.01.2022;12176.9;31.3384;131.4;613.8;4085;255.5;49.78;613.4;118.3;75.511;354.6;529;594.4;317.9;101.5;17.215;446.1;75.26;69.64;313.6;1237.5
28.01.2022;12104.44;30.0266;130.1;616.4;3818;253.5;49.58;629;118.06;75.226;355.45;531.8;590.6;320.3;100.85;16.935;441;75.82;69.06;310.3;1232
31.01.2022;12226.7;30.5861;132.95;625.2;3818;260.3;49.75;633.4;119.08;75.947;356.9;528.2;592;327;100.3;17.1;440.7;76.76;70.84;321.1;1277
01.02.2022;12359.8;31.0008;137.95;620.6;3780;262.7;50.88;638.4;119;76.866;359.55;525.8;594.6;333.6;101.3;18.475;440;74.54;71.54;322.1;1289.5
02.02.2022;12360.37;31.4252;137.9;627.4;3869;262.9;50.84;640.2;120.5;74.515;357.1;526;602.2;340;101.55;18.8;441.4;75.4;72.56;320.9;1322
03.02.2022;12234.15;30.6536;134.45;614.2;3762;258.8;50.72;626.4;119.4;75.331;348.45;536.2;599.8;324.8;101.7;18.83;443.8;73.76;71.06;316.5;1289.5
04.02.2022;12140.25;30.2388;130.55;606.8;3732;255.3;50.02;623.4;119.1;75.672;345.25;537.8;593.8;323;99.1;18.69;438.5;72.8;70.76;311.5;1272.5
07.02.2022;12193.81;30.943;130.4;606.6;3695;257.8;50.5;622.6;119.04;76.202;344.8;540.4;603.2;324.7;99.62;19.005;444.3;72.62;71.02;312.2;1278.5
08.02.2022;12155.66;31.0973;130.45;593.6;3588;252.3;50.74;612.6;117.84;76.032;345.9;543.8;609.4;315.3;100.2;19.3;445.5;72.32;70.68;303.2;1255
09.02.2022;12367.82;31.8014;135.8;607.6;3609;263.1;51.62;624.4;118.9;76.383;355.9;545;618.4;327.2;101.35;19.72;451.6;74.06;72.74;308.4;1291.5
10.02.2022;12313.16;31.7628;134.3;610;3643;263.5;51.7;628.8;118.02;75.966;355.4;545.4;615.4;324.6;100.7;19.75;446.1;75.3;72.36;309.8;1285
11.02.2022;12231.97;31.2902;133.15;600.4;3604;259.2;51.42;614;119.28;75.605;348.75;550;613.8;323;100.35;19.61;451.7;74.22;71.32;301.2;1264
14.02.2022;12026.37;30.2871;130.95;596;3585;253.1;50.7;603;117.3;75.056;342.2;548;591.8;318.9;98.06;19.065;443;73;70.96;296.1;1244
15.02.2022;12181.86;31.1648;133.5;607.6;3661;255.9;51.36;611.4;117.8;75.909;347.8;547.4;601.8;325;98.96;19.175;445.1;74.24;72.46;303.5;1269.5
16.02.2022;12191.57;31.2227;132;608.4;3681;256.1;51.62;613;117.3;76.515;349.3;546.6;599.4;327.4;99.44;18.925;442;74.46;73.98;302.9;1276
17.02.2022;12075.27;30.8658;130.4;607.4;3681;252.3;50.7;613.8;117.38;75.804;345;545.2;590.6;328.5;98.12;18.74;434.8;68.3;71.34;302.8;1256.5
18.02.2022;12010.09;30.5668;129.35;600.8;3650;248.7;50.06;599.6;118.2;75.662;342.55;549;586.6;324.3;97.8;18.65;433.8;68.24;70.44;293.4;1232
21.02.2022;11891.88;29.8916;128.65;594;3553;243.1;49.49;592;118.7;74.714;339.5;545;578.8;314;96.8;18.17;425.9;68.48;69.92;292.4;1214.5
22.02.2022;11959.39;30.0845;128;599;3608;242.4;48.91;608.4;118.8;75.16;345.1;546.8;578.8;328.4;96.08;18.02;424;68.74;70.54;298.9;1226
23.02.2022;11941.89;29.5636;128.25;603.2;3644;236.6;47.75;607.4;118.9;75.492;344.1;548;573.6;330.6;95.58;17.815;425.1;67.6;69.96;302.8;1220
24.02.2022;11636.76;28.8981;119.95;591.8;3687;238.2;45.65;610.8;115.16;74.572;340.1;537.2;549.8;332.5;92.04;16.35;412.7;66.68;68.8;292.1;1213
25.02.2022;11987.31;29.8241;125.75;607;3749;246;46.67;630.8;118.5;76.648;349.4;549.2;565.2;345.5;88.18;17.375;422.7;69.34;70.88;305.7;1252.5
28.02.2022;11986.78;30.0459;125.1;601.4;3851;251.4;46.09;637.4;119.78;76.146;349.85;550.6;560.4;357;87.82;16.885;421.6;68.9;71.08;306;1246.5
01.03.2022;11862.28;29.5058;116.05;605.6;3875;255.8;44.98;640.8;120.44;76.373;351.1;561;557.6;358.3;81.66;16.015;410;69.6;70.2;303.4;1199
02.03.2022;11871.59;29.6697;118.25;608.6;3797;260.7;45.87;646.2;120.04;76.8;347.25;558;555;358;81.12;16.09;411.2;70.86;70.82;305.8;1202
03.03.2022;11675.7;29.3804;114.6;602.8;3798;255.8;44.83;631.8;118.08;75.331;340.75;561.4;536.4;349.4;80.44;15.63;410.4;69.38;70.64;308.7;1135
04.03.2022;11300.13;27.8564;107.9;581.4;3778;264.7;41.88;608;115.9;73.321;334.9;554.4;519.2;329.6;77.06;14.54;395.8;67.62;68.66;290;1084
07.03.2022;11204.67;27.7213;105.4;581.4;3740;272.8;41.17;610;113.3;72.838;340;558.6;499;318;75;14.235;389.7;65.9;68.44;283.8;1096.5
08.03.2022;11057.06;28.3387;100.75;562;3532;252.5;41.28;581.4;110.36;70.487;343.5;553.4;508.6;312.3;77.36;14.835;393.7;63.82;66.28;278.6;1067.5
09.03.2022;11493.36;29.6119;113.45;551.8;3608;265.4;43.51;613.2;115.22;71.7;353.95;553.4;527.8;334.1;81.06;15.685;411.6;67.42;69.04;283.7;1112
10.03.2022;11391.1;29.39;109.5;553.6;3580;261.6;43.33;603.4;113.5;72.582;348.5;553.2;531.4;332.3;81.02;15.465;412.5;65.66;68.22;280.8;1094.5
11.03.2022;11495.69;29.6601;110.3;562.2;3527;259.7;44.13;609;112.98;73.435;351.95;550.8;551;338.4;82.3;15.775;422.5;66.52;69.22;285.3;1102.5
14.03.2022;11678.94;30.2967;107.65;570.4;3587;262.6;45.34;627.2;114.74;75.283;358.3;546.6;561;337;84.6;16.115;428.3;66.14;68.24;291.2;1111
15.03.2022;11682.22;29.9977;104;563;3625;273.1;44.96;624.8;115.74;75.473;360.2;555.8;563;337.8;84.64;16.015;432.6;66.02;67.9;290;1097
16.03.2022;11900.96;31.3384;114.45;581.8;3699;284.4;46.08;652.2;116.46;75.293;357.85;550;575.8;357.8;85.6;17.025;436;68.52;70.18;301.6;1173.5
17.03.2022;12061.87;31.7242;116.3;589.8;3796;286.8;46.5;663.4;118.9;76.402;359.7;556.4;582.8;353.7;85.68;17.075;441;68.16;71.66;310.3;1198.5
18.03.2022;12184.99;31.6374;118.6;590.8;3834;293.4;46.55;664.6;121.04;76.563;366.5;551;582.4;365.1;85.84;17.22;444.8;69.64;72.26;311.5;1215.5
21.03.2022;12171.28;31.6664;116.1;591.2;3800;293.1;46.28;670;120.4;76.392;367.15;557.2;588.8;365.5;86.44;17.445;447.5;69.04;71.86;308;1223.5
22.03.2022;12202.62;31.6374;118.4;582;3819;286.9;46.18;663.2;120.56;76.013;366.7;554.8;595;365.4;87.02;17.835;455.7;68.88;72.02;306.5;1245
23.03.2022;12099.5;31.5796;116.7;576.6;3840;280.7;45.21;661;118.66;75.738;365.55;557;592;360.5;86.36;17.73;452.7;68.08;71.08;305.5;1175.5
24.03.2022;12131.45;30.9526;114.25;572.6;3882;279.3;44.8;654.8;119.92;76.269;372.6;561.2;591.6;359;86.38;17.765;447.7;70.82;70.7;304;1127.5
25.03.2022;12121.67;30.6536;114.6;560.8;3794;273;44.6;654.6;119.2;76.496;374.7;562.6;589.2;356.3;87.02;17.9;448.8;71.2;70.6;300.9;1125.5
28.03.2022;12155.95;30.0073;116;567;3735;284.2;44.82;658;120.3;76.961;373.75;567.4;589.8;364;87.2;17.81;451.4;71.9;72.42;302.6;1114
29.03.2022;12325.58;30.3835;123.95;584.4;3800;271.5;46.56;672.2;120.88;77.302;372.75;565;599.8;384.8;89.38;18.305;457.9;72.5;75.32;308.8;1143
30.03.2022;12243.73;29.1875;121.1;578.2;3827;270.1;45.62;670;120.58;77.387;370.8;565.4;597.2;382.9;88.84;18.025;457;71.1;75.16;305.7;1142
31.03.2022;12161.53;29.1007;118;572.2;3827;263.1;45.29;672.2;120.2;77.008;366.45;555;594.2;387.6;88.12;18.145;456.8;69.2;73.7;307.4;1153.5
01.04.2022;12179.08;29.2164;117.15;574.4;3805;262;45.27;672.8;120.86;76.392;371.15;538;597.6;386.7;87.9;18.215;461;66.82;73.2;307.9;1145.5
04.04.2022;12340.87;29.4479;120.3;577;3858;257.8;45.2;677;121.92;77.463;382.75;536.4;602;382.5;87.62;18.415;451.2;70.2;73.7;314.8;1167
05.04.2022;12376.97;29.0621;122.35;568;3939;254.2;44.15;682;123.58;77.795;385.2;538;603.6;389.7;87.52;17.68;453.5;69.26;73.9;316;1173
06.04.2022;12320.1;28.4255;115.35;553.2;3907;245.5;42.94;676.4;122.4;79.643;390.65;544.6;604.8;380.9;87.5;17.305;454.2;66.58;73.72;306.2;1118.5
07.04.2022;12372.46;28.4544;114.6;553.4;3979;248.2;42.5;674.8;123.14;80.401;394.75;552.4;600;380.5;86.58;17.085;452.8;67.22;75.2;307.1;1113.5
08.04.2022;12507.69;28.9656;116.85;558.8;4000;256.9;42.99;672;124.5;82.202;398.25;559.2;614.6;376.5;87.88;17.405;443.5;67.48;75.66;306.7;1127.5
11.04.2022;12528.61;28.2808;114.95;551.4;3961;252.2;42.95;671.6;124.08;83.216;400.55;568.2;622.6;375.5;89.3;17.42;455.9;65.94;75.38;305.2;1110.5
12.04.2022;12378.87;28.0204;116.5;550.8;3852;256.2;42.88;666.4;122.84;82.145;389.3;567.4;616.6;377;88.36;16.81;455.3;66.6;75.06;306.9;1131.5
13.04.2022;12378.68;28.0107;115.55;551.2;3840;256.9;42.57;659.2;123.78;82.155;390.8;571.6;614.8;378.7;87.58;16.635;450.5;65.62;72.94;316.5;1135.5
14.04.2022;12475.08;28.329;119.5;563.4;3899;261.2;44.04;655.6;124.14;82.809;391.1;576.2;627.6;381.3;89.18;16.685;459.9;66.08;73.32;316;1127.5
15.04.2022;12475.08;28.329;119.5;563.4;3899;261.2;44.04;655.6;124.14;82.809;391.1;576.2;627.6;381.3;89.18;16.685;459.9;66.08;73.32;316;1127.5
18.04.2022;12475.08;28.329;119.5;563.4;3899;261.2;44.04;655.6;124.14;82.809;391.1;576.2;627.6;381.3;89.18;16.685;459.9;66.08;73.32;316;1127.5
19.04.2022;12281.42;28.7438;119.6;546;3806;265.8;43.93;634.6;121.64;82.543;377.25;568.6;617.8;382.2;82.42;16.82;449;66.98;74.26;311.2;1130.5
20.04.2022;12310.17;29.0042;121.8;546.6;3819;273.2;44.79;637;121.8;81.851;374.3;566.4;623.8;381.1;83.4;17.085;454.3;66.7;76.5;313.7;1153
21.04.2022;12301.33;30.4317;120.5;554.4;3857;277.4;45.85;629.2;122.68;81.738;366.3;559.8;624.8;374.7;83.94;16.965;452.8;67.7;77;315.4;1161
22.04.2022;12258.33;29.3804;117.35;558;3836;277.4;47.56;619.8;124.96;81.539;368.75;559.4;611.6;356;81.88;16.7;447.1;63.36;75.18;308.8;1140.5
25.04.2022;12084.98;28.2133;110.1;554.2;3866;277.6;48.28;592;125.86;81.434;364.3;561;595;354.4;78.9;16.24;436.7;63.42;73.9;299.5;1076.5
26.04.2022;11933.28;27.8757;108.85;541.6;3788;268.7;48.42;579;123.72;81.728;356.55;562.8;570.8;349.9;79.96;16.255;432.8;62.4;71.66;295.4;1039
27.04.2022;12051.48;27.8081;110.75;544.2;3875;267.9;47.95;575.8;125.2;82.278;364.25;561;574.6;351.3;80.04;16.7;436.4;63.08;72;296.5;1032.5
28.04.2022;12068.41;27.866;113.1;551.4;3867;267.4;47.76;574.8;125.86;82.354;361.6;572.4;573.2;359.1;80.9;16.58;442.4;62.62;70.56;297.1;1038
29.04.2022;12128.76;28.5509;115.5;560;3895;275.1;48.15;578.4;126;81.993;362.4;576.8;573;355.2;80.32;16.715;445.9;64.44;70.3;301;1047.5
02.05.2022;11971.73;27.731;111.95;553;3852;280.8;47.61;568.8;125.8;81.169;356.8;577.2;559.4;347.1;79.36;16.365;442.9;64.28;69.38;294;1021.5
03.05.2022;12001.88;28.0879;112.5;541.2;3765;273.7;47.97;569.2;125.3;81.368;355.45;583.6;568.2;351.7;80.4;16.955;446.7;63.1;69.76;294.1;1022
04.05.2022;11880.24;28.0204;109.55;528.6;3773;276.1;48.41;562.8;123.98;80.856;348;586.6;563;347.9;80.34;17.04;447.1;61.32;69.12;289;993
05.05.2022;11877.27;28.2229;107.65;534.8;3798;266;48.18;565.4;124.8;80.78;347.7;583.2;557.8;353.1;77.74;16.93;447.4;61.94;69.42;288.3;1009
06.05.2022;11730.42;27.6538;104.9;515;3616;256.2;47.79;549.4;123.36;80.25;346.1;585.4;549;349;78.16;16.9;447.3;60.96;68.22;274.7;1010.5
09.05.2022;11444.18;26.8725;100.65;498.2;3457;243.9;44.92;519.6;120.38;79.027;346;575.2;532.8;322.2;77.96;16.36;436.8;57.2;65.1;258.6;987.2
10.05.2022;11541.72;27.1908;102.15;514.4;3531;246.4;45.9;524;119.96;79.529;352.25;580.6;538.2;323.7;79.84;16.625;442.1;57.32;64.12;259.4;983.8
11.05.2022;11553.66;27.3934;107.65;511.4;3526;245.9;46.32;528.8;121.78;80.287;328;580.2;541.4;330.1;80.76;16.965;445.4;58.38;70.02;260;1023
12.05.2022;11506.13;27.2294;105.05;514.8;3580;250.9;45.94;531.8;121.72;80.742;320.35;584.8;539.6;317.4;81.22;16.785;452.1;58.64;68.74;260.9;1012
13.05.2022;11650.42;27.7985;106.5;529.4;3643;259.2;47.29;551.2;122.54;81.851;319;580.6;546.8;334.1;81.54;17.23;458.6;59.72;71.12;263.9;1031
16.05.2022;11672.23;27.3066;106.75;524.2;3654;258;46.89;547.4;123.32;82.96;322.4;580;543;336.6;81.5;17.03;455.1;58.82;71.08;259.7;1011
17.05.2022;11730.44;27.9721;108.75;529.4;3622;261.7;47.85;552.8;122.6;82.846;322.35;580.4;554.2;333.6;82.86;17.42;456.8;58.86;71.48;264;1039.5
18.05.2022;11579.14;27.8274;106.15;522.4;3527;260.1;47.23;534.6;119.38;82.458;321.25;573;553.4;313.2;81.92;17.29;452.5;58.32;70.78;261.6;1018.5
19.05.2022;11309.49;27.403;105.6;512;3479;249.5;46.86;533.8;113.38;81.216;316.9;563;534.2;317.4;79.04;17.05;433.9;57.08;69.52;254.7;992.4
20.05.2022;11308.98;27.5959;91.76;513.4;3508;254.1;46.57;549.6;113.2;82.174;319.7;567.4;537.8;323.2;78.96;17.225;432.2;56.96;70.3;256.7;1000
23.05.2022;11466.28;28.0011;92.5;519.6;3569;259.5;47.16;554.8;114.66;83.102;324.5;565;548.2;325.4;79.58;17.775;440;56.46;70.66;260.9;1026
24.05.2022;11483.56;27.731;92.98;513.6;3534;253.5;47.01;555;114.74;83.102;331.45;573.8;547;325;78.7;17.78;439.9;54.7;70.5;257;1006.5
25.05.2022;11491.8;27.7792;94.8;517;3475;254.5;47.61;547.8;114.24;83.235;333;572.4;552.8;322.4;78.94;17.745;441.7;55.14;69.8;255;1013.5
26.05.2022;11491.8;27.7792;94.8;517;3475;254.5;47.61;547.8;114.24;83.235;333;572.4;552.8;322.4;78.94;17.745;441.7;55.14;69.8;255;1013.5
27.05.2022;11647.17;28.3194;103.85;531.2;3569;257.5;48;572.8;116.58;82.572;329.8;574.4;555.6;342;80.36;17.985;441.7;57.06;71.64;267;1048
30.05.2022;11736.26;29.0138;106.9;535.8;3656;257.3;48.22;585;116.96;82.78;330.7;567.6;555;349.1;80.84;18.29;440.5;58.18;72.86;271.1;1042
31.05.2022;11611.38;28.3387;106.35;525.8;3522;252.8;47.48;577.2;117;82.325;326.4;566.8;543;339;78.92;18.045;438;58.5;71.8;265.5;1029.5
01.06.2022;11494.12;28.5219;106.25;521.4;3479;247.2;47.37;563.2;115.08;81.681;322.7;568.2;541.4;330.4;78.12;18.1;436.2;58.46;70.96;259.2;992.2
02.06.2022;11550.2;29.2453;109.1;531.4;3514;252.6;47.77;571.8;114.74;81.131;323.35;566.6;541.8;337;78.44;18.07;436.2;58.76;73.04;269.1;1009
03.06.2022;11529.16;29.2453;110.15;526.8;3493;250.7;47.94;563.2;114.9;81.349;320.7;570.2;544;335.5;78.64;18.07;435.7;58.18;72.22;267.4;1002
06.06.2022;11529.16;29.2453;110.15;526.8;3493;250.7;47.94;563.2;114.9;81.349;320.7;570.2;544;335.5;78.64;18.07;435.7;58.18;72.22;267.4;1002
07.06.2022;11534.18;29.4093;111.35;528.8;3496;248.2;48.38;569.4;113.84;81.444;318.4;562;547.4;339.7;80.1;18.19;439.6;58.24;73.28;265;1008.5
08.06.2022;11467.39;29.0235;111.3;526;3465;230.2;48.33;573.6;112.38;81.302;319.45;557.6;538.8;339.3;78.8;17.715;432.8;58.4;73.48;261.7;999.2
09.06.2022;11322.43;28.5798;107.85;516.6;3400;227;48.8;557;110.54;80.875;318.05;553.8;540;333.6;78.88;17.225;432.8;57.16;72.06;256;987.2
10.06.2022;11084.62;27.7792;103.9;504.4;3334;230.4;46.42;543;110.1;79.539;313.95;538.6;526.8;326.3;77.04;16.62;422.4;54.74;69.3;246.3;944.8
13.06.2022;10896.25;26.7954;101.2;490.1;3283;230.7;45.9;520.4;110.74;78.458;309.25;534.4;511.4;313.3;75.84;16.05;417.2;52.36;66.94;239.1;897.8
14.06.2022;10699.07;26.4964;98.84;472;3124;233.7;45.63;502.2;108.62;76.506;305.75;530.2;513;314.4;76;15.99;419.1;51.84;66.32;227.2;852
15.06.2022;10783.59;27.0076;100.9;478.7;3178;233;46.57;511.4;107.76;76.828;307.75;530.2;529.2;315.1;77.38;16.235;426.1;53;66.28;230.7;875.8
16.06.2022;10475.37;25.7729;97.06;459.7;3121;224.8;44.7;487.6;106.5;75.075;303.5;520.2;495.5;287.2;73.74;15.265;412.3;50.06;62.84;220.4;840.6
17.06.2022;10451.31;25.1363;95.18;465.7;3061;222.1;44.27;497.2;106.6;74.857;303.35;518.2;493.4;281.6;73.84;15.17;408.5;51.02;63.84;219.1;855
20.06.2022;10485.91;24.8084;95.64;454.2;3036;223.5;44.07;490.4;107.38;75.482;304.5;526.8;489.7;280;75;15.35;414.2;51.14;63.72;214.3;840.4
21.06.2022;10479.84;25.0399;97.58;456.4;3109;225;44.54;489.5;107.36;74.724;301.35;521;485.6;285.9;74.24;15.425;412.2;52.46;63.94;221.5;846.4
22.06.2022;10528.34;24.4901;97.52;457.4;3136;218.8;44.12;492.3;109.32;74.477;305.85;523.4;477.4;293.4;74.02;15.475;409.7;51.48;64.16;221.2;854
23.06.2022;10453.31;24.085;97.96;455.4;3155;217.9;42.92;488;108.48;74.146;306.3;513.8;460.2;301.6;72.96;15.085;401.1;51.46;64.74;220.5;862.6
24.06.2022;10823.12;24.5576;102.15;477;3310;226.1;43.72;512.8;111.64;76.392;318.8;522.4;472;309;75.12;15.995;418;53.38;66.14;227.3;895
27.06.2022;10906.82;25.0206;103.15;473.8;3298;230.8;42.81;513;112.58;77.757;322.55;522.2;471.7;305.7;74.58;16.14;416.7;52.82;66.62;225.6;902.6
28.06.2022;10809.57;25.117;104;469.6;3317;226.7;42.3;511.6;110.64;76.904;317.55;524;473.9;303.9;75.3;15.975;418.3;51.68;66.44;223.3;891.6
29.06.2022;10811.75;24.7794;102.8;467.5;3404;226.1;41.62;504.4;112.4;76.951;319.65;521.4;468.4;304.3;74.5;15.67;417.8;50.22;66.04;220.1;872.6
30.06.2022;10741.21;24.5576;101.65;458.8;3357;226;40.85;509;111.44;76.629;318.55;527.4;465;304;73.98;15.39;415.2;49.87;66.68;220;860.2
01.07.2022;10770.4;24.355;100.25;458.2;3388;224.5;40.7;519.2;112.76;76.136;320.4;525.4;463.9;309.6;73.94;15.29;419.9;49.58;67.42;220.6;860.4
04.07.2022;10881.97;24.6637;100.95;468.8;3443;226;41.15;524.8;113.52;77.387;322.6;530.2;465.4;311.2;74.82;15.67;422.2;49.42;67.96;223.6;856.2
05.07.2022;10702.5;24.2007;96.88;465.4;3462;225.1;39.43;529.6;112.84;76.686;319;525;445.7;313.4;71.6;14.95;405.4;48.62;67.84;212.6;844.6
06.07.2022;10840.6;24.5094;98.3;477.1;3484;229.8;39.42;548.2;114.96;76.98;323.35;520;451.8;319.3;71.42;14.99;408.6;50.32;69.04;218.5;876.8
07.07.2022;10940.98;25.2907;99.08;481.6;3494;234.6;40.09;553.4;114.38;77.823;324.75;528.8;468.8;320.1;73.64;15.3;415.3;51.44;69.56;224.4;890.6
08.07.2022;11015.03;25.5607;102.25;478;3446;236.5;41.53;566;114.64;78.439;321.9;533.4;476.5;323.6;74;15.645;422.1;53.36;70.1;225.7;900.6
11.07.2022;11027.16;25.0688;101.25;474.2;3510;233.9;40.82;569;115.18;78.667;326.45;529.8;472.7;326.7;72.72;15.49;421.9;52.6;69.6;225.7;887
12.07.2022;11069.83;25.3968;102.6;475.6;3389;234.5;41.56;555;115.64;78.591;328.4;531.2;479.5;323.7;73.9;15.825;425.4;52.9;69.04;226.8;897.6
13.07.2022;10904.85;25.0302;101.8;471.2;3361;231.3;40.95;550.4;113.82;77.207;325.2;531.8;475.4;321.6;72.82;15.335;417;51.16;69.06;220.9;874.8
14.07.2022;10799.52;24.9048;100.9;465.3;3221;231.3;40.46;549;113.06;76.79;323.7;525;469.6;321.5;71.34;15;410.2;50.98;68.32;216.7;860
15.07.2022;10982.09;25.3871;98.02;475.8;3250;232.8;41.02;568.8;115.22;78.307;331.85;525;472.8;331.2;71.92;15.285;413.4;51.82;69.8;221.8;857
18.07.2022;11010.18;25.7826;101.95;481.6;3295;237.9;41.24;562.6;114.94;77.823;329;528.8;479.5;330.6;72.44;15.725;413.4;53.18;69.32;225.7;878.4
19.07.2022;11122.08;26.1588;106.05;484.7;3329;237.5;42.26;574.4;115.28;78.961;330.35;526.4;483;329.7;72.96;15.8;415.8;53.96;70.08;229.7;896
20.07.2022;11059.49;26.3517;105.85;489.2;3335;240.9;41.97;579.4;113.26;77.984;328.25;523.6;481.9;327.9;72.22;15.845;411.1;54.92;70.3;233.5;916.4
21.07.2022;11134.74;26.7761;106.85;501.8;3282;243.7;41.9;585;115.02;78.638;326.6;516;482.4;338.4;71.54;16.085;407;55.06;71.94;237.7;943
22.07.2022;11096.12;26.5735;106.75;493.4;3269;246;41.83;551.2;116.24;78.619;325.2;513.6;485;339.9;71.54;15.925;408.8;53.24;71.84;228.1;957.4
25.07.2022;11129.35;26.5542;108.75;489.4;3215;239.8;41.84;539.2;116.88;78.657;327.9;518.6;488.8;333.8;72.52;16.155;412.2;51.96;71.5;225.8;949.8
26.07.2022;11102.31;26.4192;107.1;479;3214;243.4;41.33;544.4;117.28;79.501;332;520.4;486.2;337.9;72.4;14.63;411.1;52.86;71.62;220;927.8
27.07.2022;11056.74;26.5542;108.9;474.3;3173;242.5;43.2;540;117.46;78.581;325.55;514.6;490.8;337;72.66;14.625;411.8;51.84;72.28;218.7;930.6
28.07.2022;11129.33;26.9979;112.1;482.3;3210;248.4;43.53;564.6;117;78.828;324.25;507.4;491.2;339.6;71.66;14.96;408.9;52.56;73.64;222.8;980.2
29.07.2022;11145.91;27.7503;113.95;498.9;3315;255.2;44.43;576.2;116.44;77.444;315.4;513.8;502.8;341;71.3;15.485;414.9;53.12;74.44;233.9;1033
01.08.2022;11145.91;27.7503;113.95;498.9;3315;255.2;44.43;576.2;116.44;77.444;315.4;513.8;502.8;341;71.3;15.485;414.9;53.12;74.44;233.9;1033
02.08.2022;11118.1;27.4995;112;491.7;3343;247.3;43.62;576.4;117;77.473;317.7;517.4;500.2;340.4;71.32;15.31;414.1;53.62;73.82;231.6;981
03.08.2022;11178.99;27.5767;113.6;498.3;3319;248.5;44.1;581.6;116.7;77.615;319.9;504.4;507.8;346.7;72.52;15.465;418.1;55.72;74.5;236;1003.5
04.08.2022;11202.66;27.8564;115.9;503.4;3380;249.9;44.68;580;116.88;77.112;316.75;503.8;508.2;349.3;72.88;15.84;417;56.24;74.5;241.3;1025.5
05.08.2022;11123.07;27.403;112.75;487.8;3292;244.9;44.69;560.2;115.5;77.766;316.7;514.2;511.4;343.8;73.18;15.555;419.5;55.44;74.08;239.7;982.8
08.08.2022;11166.32;27.4416;114.7;501.2;3322;240.2;44.88;563;115.5;77.984;315.85;507.8;515.6;343.5;73.72;15.8;423.9;55.52;73.08;241.1;1009.5
09.08.2022;11132.48;27.0558;111.5;486.4;3265;241;44.82;557.8;115.56;78.913;318.35;513.8;514.2;338.7;74.18;15.55;428.5;52.72;72.38;230;973
10.08.2022;11155.1;27.6924;113.6;501.2;3336;247.8;45.5;569.8;114.34;78.202;316.95;506.8;520.2;332.9;74.9;15.77;435.2;54.48;67.76;237.3;1023
11.08.2022;11154.58;27.8274;115.6;510.4;3359;248.8;45.41;584;115.18;76.809;310.15;510.2;524;343;75.4;15.895;442.7;55.4;67.24;246.3;1036
12.08.2022;11128.24;27.7696;114.6;505.6;3368;241.6;45.62;570.2;114.58;75.918;315;504.6;527.2;339.3;76;16.085;440.7;55.28;65.48;243.4;1033
15.08.2022;11171.54;27.7889;114.7;508.6;3435;244.1;45.89;569.6;115.64;76.25;317.9;505.2;522.4;337.3;76.16;16.03;432.5;54.96;65.34;247.6;1030
16.08.2022;11130.44;27.9721;112.05;500.8;3352;240.5;46.25;558.4;115.22;76.752;315.65;510;523.6;283.7;75.86;16.075;433.8;55.14;65.52;243.4;1015
17.08.2022;11128.19;27.4898;112.05;495.3;3336;237.4;45.68;560.6;116.86;76.989;316.65;508;525;279;74.76;15.905;429.3;53.82;65.28;240.4;999.4
18.08.2022;11167.59;27.8467;112.85;488.5;3338;243.4;45.64;574;116.42;76.866;319.95;513.6;521.2;276.6;75.06;16.075;427.2;54;65.66;241.8;1009.5
19.08.2022;11156.72;27.5284;112.1;478.8;3298;244.5;45.55;564;116.92;77.728;323.35;512.6;516;282;74.74;15.555;428.4;52.28;66.26;235.1;980.2
22.08.2022;11085.84;26.5542;109.1;473.8;3279;240.7;44.95;546.2;117.24;77.586;324;514.4;513.2;278.5;74.08;15.295;428.5;51.08;65.88;230;972.6
23.08.2022;10933.06;26.506;110;465.8;3205;235.1;44.42;535;115.14;76.013;316.75;510.6;510;274.4;73.76;15.28;425.3;50.76;65.9;226.5;968.4
24.08.2022;11012.87;26.6989;113.9;458.2;3241;235.6;43.54;545.2;116.28;76.591;317.65;509.4;506.4;273.1;73.76;15.23;428.7;51.04;67.36;226.1;982.6
25.08.2022;11063.88;26.8436;115.1;462;3243;237.2;44.02;551.2;116.84;76.013;319.45;510;510;273.7;74.58;15.465;433.5;51.38;66.92;229.4;992
26.08.2022;10942.16;26.5542;111.4;456.1;3161;234.1;43.67;537.4;115.5;76.174;316.75;505;506.8;265.7;73.98;15.265;434.1;49.72;65.4;222.7;967.8
29.08.2022;10896.74;26.4578;111.1;452.9;3163;234.1;43.85;524.4;115.46;75.795;314.4;514;507;260.9;73.76;15.46;430.9;49.32;63.9;221.5;962.8
30.08.2022;10884.95;26.3613;110.95;457;3166;226.5;43.68;525.6;115.16;75.027;316.4;510;507.8;258.5;74.2;15.49;431;49.3;64.36;223.9;933
31.08.2022;10855.03;26.0141;109.85;452.9;3129;226;43.54;523.4;114.58;74.999;315.4;506.2;512.4;258.7;76.18;15.53;434.1;48.86;64.56;220.4;946.4
01.09.2022;10663.44;25.5414;104.95;438.1;3036;218.3;42.74;510;112.96;74.459;312.8;506.4;499;252.6;76.18;14.97;423;47.77;64.18;212.2;902.6
02.09.2022;10891.71;26.4385;107.55;454.3;3114;224;45.05;526.2;113.42;75.302;318.7;508.2;515.2;257.5;79;15.595;434.1;48.97;66.02;222.8;940.2
05.09.2022;10819.54;25.7826;105.95;442.6;3071;216.6;43.76;514.6;113;75.653;319.2;503;507.8;253.3;78.74;15.43;430;47.63;65.62;217;933.2
06.09.2022;10834.18;26.0816;106.45;444.4;3090;212.3;44.57;513;112.42;75.037;323.55;503.8;509.4;250;79.2;15.39;428.6;47.39;65.5;217.8;931.8
07.09.2022;10805.16;26.1491;106.95;448.5;3101;215;45.06;516;111.2;74.913;323.5;496.7;502.4;247.6;79.26;15.26;422.5;47.15;65.9;218.7;936
08.09.2022;10790.32;26.1588;103.9;449.2;3078;216.7;45;521;110.1;74.667;323.85;491.8;507;247.7;81.06;15.55;421;46.56;66.26;221.9;946.6
09.09.2022;10900.24;26.4095;107.05;453.7;3099;219;45.43;530.2;111.62;75.217;324.25;494.4;513.8;248.8;81.38;15.83;424.6;48.49;66.16;224.8;956.6
12.09.2022;10990.75;26.9208;108.2;462.5;3136;221.6;46.54;532.2;111.86;75.956;322.65;497.3;524;247.3;83.48;16.115;426.9;50.02;66.58;232.7;970.4
13.09.2022;10891.54;26.4192;106.45;446.5;3023;219.9;46.01;503.4;112.08;75.274;323.25;498;520.4;238.1;83.16;16.225;431.1;48.65;65.56;219;932.8
14.09.2022;10754.4;26.0141;106;437.4;3010;218.9;45.14;499.4;109.1;74.013;322;495.2;516.4;240;82.2;16.1;428.9;47.97;65.38;214.7;934.6
15.09.2022;10746.7;26.0141;103.65;434.8;2964;220;45.21;484.8;108.74;73.71;327.8;495.7;517.8;234.3;82.66;16.21;430.6;47.47;65.6;207.7;920
16.09.2022;10610.65;25.2231;100.05;430;2919;211;44.53;484.2;106.82;73.482;326.3;500.6;513.8;223.5;82.34;15.775;426.1;47.1;64.04;202.4;896
19.09.2022;10617.01;25.3292;101.45;431.5;2928;213.7;44.4;472.6;107.84;73.624;321.9;497.3;511;229.5;81.44;15.785;429.7;46.61;64.18;206.1;897.2
20.09.2022;10476.54;25.0688;101.8;422;2915;211.3;43.54;465.6;106.32;72.838;317;483.7;503.8;228.8;80.16;15.6;421.5;46.43;62.88;203.3;881.8
21.09.2022;10429.4;25.2038;100.15;430.4;2950;211;43.46;464.4;106.34;71.833;313.85;482.5;499.8;225.8;79.2;15.585;419.3;46.32;62.68;206.7;874.4
22.09.2022;10297.65;24.6926;97.54;418.6;2873;205.8;42.43;455.6;107.38;71.132;311.6;484.7;480.4;219.7;78.3;15.245;419.1;45.24;60.54;198.1;806
23.09.2022;10137.78;24.3068;96.18;412.9;2945;202.8;40.94;444.2;107.08;70.478;309.3;479.1;456.9;214.1;76.12;14.57;404.7;44.52;58.3;196.2;795.2
26.09.2022;10072.62;24.3357;96.56;416.2;2952;204.7;40.94;440.2;106.52;70.118;305.9;472;443.3;214;74.1;14.64;398.6;44.43;57.42;195.15;792
27.09.2022;10126.43;24.5865;96.64;414.1;2947;209;41.08;445;106.32;70.506;312.6;474.9;438.6;215.5;72.56;14.585;402.9;45.34;57;195.95;794.4
28.09.2022;10220.76;24.7312;96.4;422.1;2958;209.4;40.69;472.4;105.76;70.914;325.45;472.3;433;216.5;71.22;14.625;398;45.95;56.24;198.05;810
29.09.2022;10126.99;24.4515;92.92;411.5;2920;202.5;40.01;468.3;106.56;71.009;320.25;466.9;429;211.8;72.28;14.36;395.5;44.91;55.44;193.05;775.2
30.09.2022;10267.55;24.8855;94.28;427.5;3003;202;40.98;486.3;107.08;71.587;323.45;463.5;438.5;220;73.16;14.475;395;45.95;58.14;200.7;804.6
03.10.2022;10290.71;24.35;96.16;429.9;2990;207.6;41.24;490.8;106.46;72.013;322.1;473.1;443.2;219.8;73.18;14.68;399.4;45.16;59.06;202;820
04.10.2022;10590.92;25.85;101.4;444.6;3064;214.6;42.84;510.4;107.48;72.952;332.75;471.9;458.5;226.9;75.5;15.325;409.8;47.51;60.76;214.2;865.4
05.10.2022;10477.69;25.55;99.94;437.6;3045;206.3;42.38;504.8;107.06;72.364;328;462.5;454.5;225.5;74.34;15.07;408.1;46.39;60.26;210.4;848.2
06.10.2022;10391.13;25.51;99.74;436.8;3039;206.8;41.76;508;106.34;71.596;325.55;454.5;449.3;222.5;72.5;14.695;400;46.6;60.02;208.9;849.6
07.10.2022;10308.57;24.98;97.92;423.1;2981;199.4;41.23;499;106.02;71.596;324.5;451.6;444.8;216;71.34;14.68;397.4;43.93;58.82;205.4;815.4
10.10.2022;10262.52;25.06;96.54;427;3030;205.3;41.47;485.8;105.98;71.625;320.9;453.2;445.4;220.1;70.4;14.465;395.8;44.02;58.08;206.4;813
11.10.2022;10207.83;24.9;95.54;422.8;2824;199.25;40.58;484.7;105.74;71.795;322.6;451.5;439.3;215.2;69.58;14.265;392.5;43.88;57.14;203;798.2
12.10.2022;10199.32;24.98;97.4;422.2;2832;202.4;40.43;481.3;106.14;71.805;322.15;447.3;435;212;69.9;13.965;389.5;43.16;56.88;206.8;788.6
13.10.2022;10227.9;25.69;97.22;424.1;2782;202.1;41.27;479.8;104.98;71.606;322.4;447.3;440.9;217;70.46;14.45;392.1;44.26;56.92;208.2;803.8
14.10.2022;10329.34;25.53;97.92;431.3;2842;207.3;40.95;494.7;105.66;72.023;326.4;450.9;447.4;222.1;72.52;14.43;398.3;44.53;58.6;212.5;809
17.10.2022;10498.71;26.15;100.7;439.4;2897;209.2;41.64;504;107.56;72.971;329.65;457.3;455.6;232.5;73.28;14.6;404.9;45.23;59.56;216.2;832.2
18.10.2022;10578.76;26.66;102.25;448.7;2958;212.4;42.82;513;107.78;73.255;328.55;459.3;459.4;234.1;73.48;14.815;408.3;45.14;60.2;223.7;848.4
19.10.2022;10484.14;26.76;100;436.3;2920;207.5;42.4;490.6;106.4;72.771;326;456.4;462.9;228.9;74.4;14.865;416.6;43.95;58.84;219.9;825.4
20.10.2022;10473.45;26.83;102.3;438.7;2953;209.7;42.5;497.2;105.86;72.222;322.5;455.3;464.3;233.6;74.72;14.905;416.3;44.42;58.78;222.4;838.8
21.10.2022;10418.6;27.05;100.45;427.6;2913;212.3;42.16;492.6;105.34;72.563;324.4;449.8;463.2;229.2;75.08;14.705;409.1;44.48;57.86;211;827.8
24.10.2022;10595.53;27.39;100.65;441.2;2964;214.3;42.74;500.2;107.12;73.909;327.15;454.3;474.9;234.2;76.1;15.135;417.2;45.5;59.22;220.3;852.4
25.10.2022;10773.34;27.81;103.1;452.5;3078;223.5;42.74;518.4;108.16;73.776;331.5;456.3;480.8;239.9;76.38;16.305;420.4;51.18;59.68;228.5;897
26.10.2022;10817.21;28.02;103.5;458.8;3060;224.8;43.1;528.4;108.36;74.534;330.6;457.3;479.9;243.2;76.56;16.12;421.1;50.78;60.98;231.9;908.4
27.10.2022;10706.62;27.75;101.5;453.8;3052;221.3;43.27;511.2;107.3;74.525;325.45;479.5;482.1;234.7;77.24;15.96;423.4;50.7;60.24;229;903
28.10.2022;10772.37;27.72;97.78;449;3038;213.3;45.01;515;107.76;75.899;331.7;485.8;478.3;235.5;75.42;15.96;423.7;50.64;60.84;226.6;902
31.10.2022;10827.93;27.84;97.94;445.3;2990;213.4;45.48;515.4;109.04;76.676;332.55;494.3;484.9;236.7;74.4;15.89;427.3;49.85;60.94;225.8;899.4
01.11.2022;10783.65;27.99;101.1;440.4;2942;212.5;45.53;489;108.44;76.496;329.5;489.5;483.4;234.8;74.72;15.985;425.2;50.14;60.7;223.7;897.4
02.11.2022;10806.23;27.79;99.16;443.7;2936;211.3;45.17;494.7;108.98;76.913;333.75;494.8;481.5;227;74.32;15.895;427.4;50.18;59.78;222.6;898.2
03.11.2022;10710.59;27.68;97.7;410.5;2834;205.9;45.98;478.7;108.16;76.97;331.9;487.9;477.8;220.6;74.18;15.915;428.9;49.07;57.46;215.8;879
04.11.2022;10787.77;28.23;104.3;419.2;2903;209;46.91;479.2;108.66;76.932;326.4;488.5;483.7;225.8;75.32;16.25;429.5;50.2;57.42;224.2;901.2
07.11.2022;10750.39;28.56;103.6;419.5;2885;214.7;47.1;483.6;107.58;76.392;324.05;493.3;481.9;225.1;74.48;16.325;431.3;52.38;57.14;225.3;902.8
08.11.2022;10827.04;28.78;103.1;436.2;2970;219.5;47.31;492;107.92;76.629;324.2;490.8;491.1;233.1;74.86;16.39;434.1;54.64;57.8;234.8;919
09.11.2022;10904.33;28.74;103.75;441.5;3008;220.2;47.37;493.2;109.12;77.539;327.8;499;493.4;234.3;76.4;16.35;436.2;53.64;57.5;235.8;908.4
10.11.2022;11120.49;29.45;107.1;477.5;3215;234.8;48.34;516.4;110.08;78.003;330.5;501.6;497;247.1;78.38;16.89;431.8;56.52;59.16;254.3;979.6
11.11.2022;11127.15;29.68;118.3;490.4;3311;239.2;48.88;522.6;108.06;74.885;325.6;488.1;496.5;251.3;80.16;17.455;423.8;59.12;61.4;265.4;1048.5
14.11.2022;10999.59;29.8;116.95;481.5;3300;236.1;48.99;508.6;108.08;74.686;312.65;494.4;501.2;247.7;80.66;17.335;426.6;58.34;60.86;253.7;1022
15.11.2022;11026.22;29.78;116.7;480.9;3276;233.7;48.97;516;107.76;75.501;314.75;492.7;497.6;251.7;79.82;17.505;424.6;58.5;60.62;252.9;1020
16.11.2022;10936.62;29.18;114.6;462.4;3184;226.2;48.37;500.2;108.46;74.913;312.15;492.3;496.9;247.3;78.86;17.305;433.3;56.36;63.7;242.9;961.6
17.11.2022;10917.88;29.05;114.65;457.6;3196;226.7;47.69;496.2;109.88;74.951;306.8;494.4;496.7;248;79.28;17.26;437.8;55.92;61.74;242.2;968.4
18.11.2022;11045.49;29.28;116.25;465.1;3205;225.9;48.08;495.2;110.88;77.255;308;499.7;502.6;251.8;80.52;17.485;441.8;55.8;62.2;245;968.4
21.11.2022;11085.04;29.4;114.5;457.4;3134;225;48.26;498.7;112.14;78.6;307.35;507.8;498.4;246.9;80.12;17.49;445.4;55.26;63;244.5;956.6
22.11.2022;11074.3;29.54;113.9;459.2;3120;228;48.42;491.5;112.28;79.16;304.7;502;497.7;247.6;80.18;17.42;447.5;55.12;63.76;241.8;949.2
23.11.2022;11094.46;29.62;115.35;464.8;3189;230.1;48.44;496.6;112.92;77.766;307.35;502;501.4;248.3;81.62;17.42;447.9;55.6;63.94;244.5;950.2
24.11.2022;11157.56;29.86;116;467.5;3252;230.6;48.96;507.8;113.12;77.823;308.55;506.4;504.6;252.3;82.48;17.585;449.1;56.74;64.82;246.4;965.6
25.11.2022;11168.03;29.91;114.8;465.4;3251;230.5;49.34;503.2;113;78.695;311.4;505.6;505.8;250.6;82.58;17.48;450.9;56.2;64.36;244.6;943.6
28.11.2022;11162.16;29.49;117.3;454.1;3245;228.3;49.09;500.2;113.5;78.932;312.4;508.4;501.6;246.8;83.78;17.295;451.9;55.78;64.52;237.3;921.4
29.11.2022;11077.81;29.43;119.95;445.6;3126;225.2;48.93;486.3;111.26;78.951;309.25;504.8;503;241.8;84.52;17.35;452;55.48;64.16;232.8;908.4
30.11.2022;11127.77;29.36;124.05;446.8;3166;228.6;48.76;490.2;112.34;79.283;307.8;508.2;501.6;242;84.22;17.225;452.9;55.86;64.06;237;925
01.12.2022;11238.2;29.54;123;460.4;3184;229.9;48.93;509;113.72;79.709;310;516.8;511;248.1;84.98;17.39;453.7;58.08;65.48;245.6;947.2
02.12.2022;11198.13;29.63;122.75;464.3;3168;229.1;48.96;504;113;79.747;308.25;511.8;509.2;250.5;84.66;17.3;450;59.12;65.6;241.3;910.8
05.12.2022;11194.67;29.5;121.85;457.7;3119;227.8;48.54;498.1;111.3;81.321;309.55;507.8;507.2;246.4;85.46;17.59;451.9;58.04;64.8;237.6;900.4
06.12.2022;11109.33;29.2;123.05;452.9;3046;222.5;48.35;480.8;111.58;80.828;305.2;514.4;506.2;241.5;85;17.325;451.9;56.96;63.34;236;878.6
07.12.2022;11009.95;28.99;121.55;451.5;3052;218.4;48.26;467.6;109.26;81.302;301.2;508.8;500;243.7;84.92;17.09;450.1;55.72;63.6;233.2;872.4
08.12.2022;11004.53;28.77;123.2;445.9;2997;214.5;48.27;457;109.42;80.847;302.95;509.4;490.2;242;86.44;17.005;450.9;55.82;64.36;232.1;860.8
09.12.2022;11068.3;29.18;123.3;454.2;3051;218.3;48.63;457.3;109.24;81.017;304.6;512.6;495;244.4;87.04;17.125;452.6;56.66;64.58;238.8;874.2
12.12.2022;11033.64;29.04;122.8;452.9;3040;216.4;48.32;463.4;109.5;80.496;303;510;489.8;242.1;86.08;16.95;450.5;56.62;65.7;237.4;877.4
13.12.2022;11136.62;29.59;125.35;464;3098;217.9;48.5;475;109.56;80.373;307.25;510;492.4;243.8;86.46;17.455;448;58.72;66.52;243.1;901
14.12.2022;11160.69;29.5;124.55;458.3;3008;217.3;48.71;475;111.04;81.633;307.55;510;494.5;238.2;86.42;17.165;451.7;58.06;66.3;240.9;888.4
15.12.2022;10880.14;28.42;120.15;442.7;2963;210.2;46.97;458.3;107.66;80.202;302.45;509.2;482.1;225.3;84.68;16.705;445.5;56.6;64.04;231.2;856.8
16.12.2022;10770.38;28.12;118.2;436.2;2884;212.2;46.94;450;107.16;79.842;301.35;500.4;473.8;219.1;84.16;16.515;438.5;54.66;62.26;226.1;828
19.12.2022;10773.23;28.18;118.1;432.6;2857;212.9;47.29;444.6;107.92;79.747;300.3;498.3;471.7;216.2;84.52;16.755;438.5;54.92;62.58;225.2;820.6
20.12.2022;10659.19;27.9;116.45;427.9;2802;209.1;46.84;437.5;106.94;79.216;296.15;501.2;471;214;84.54;16.65;435.3;54.44;61.3;220.2;804.2
21.12.2022;10845.59;28.24;119.45;436.8;2850;213.3;47.82;450.4;108.46;80.287;297.9;503.6;478.1;217.8;87;17.27;444.4;57.46;63.38;225.9;827.2
22.12.2022;10774.64;27.93;117.9;432;2813;211.9;47.62;449.9;107.98;80.126;294.9;507.6;476.8;215.8;86.88;17.11;445.1;56.82;62.92;221.3;814.4
23.12.2022;10804.68;28.17;116.8;435.5;2822;214.1;48.09;453.9;107.82;80.297;295.2;508.2;479.9;216.6;87.46;17.3;447.1;57.16;63.26;223.1;821.4
26.12.2022;10804.68;28.17;116.8;435.5;2822;214.1;48.09;453.9;107.82;80.297;295.2;508.2;479.9;216.6;87.46;17.3;447.1;57.16;63.26;223.1;821.4
27.12.2022;10839.22;28.51;120.7;437.4;2829;216.2;48.43;452.2;108.1;80.354;294.1;508.8;480.7;215.9;87.7;17.38;448.8;57.22;63.12;224.3;822
28.12.2022;10812.67;28.23;121.4;437.7;2847;216.4;48.26;455.4;108.1;80.069;292.55;505.2;478;217.2;87.32;17.28;447.1;57.14;63.12;224.2;820.4
29.12.2022;10857.35;28.46;121.55;440.5;2868;216.6;48.12;461.2;108.26;80.335;292.85;510.4;481.2;221.6;88.1;17.365;448.4;57.68;63.84;225.8;830.4
30.12.2022;10729.4;28.06;119.9;435.5;2833;215.2;47.88;453.1;107.14;79.226;290.5;506.6;476.8;219.3;86.48;17.205;442.3;57.06;63.18;221.7;816.8
02.01.2023;10729.4;28.06;119.9;435.5;2833;215.2;47.88;453.1;107.14;79.226;290.5;506.6;476.8;219.3;86.48;17.205;442.3;57.06;63.18;221.7;816.8
03.01.2023;10978.64;28.74;127.3;449.1;2880;219.6;49.03;461.1;108.92;81.349;293.8;515.6;488;223.1;89.58;17.805;449.3;58.64;64.42;227.6;833.8
04.01.2023;11140.27;29.71;130.35;465.8;2952;219.2;49.56;468.2;110.8;81.273;297.8;521.2;496.2;226.6;93.68;18.215;448.7;59.64;64.94;235.1;850.6
05.01.2023;11057.39;29.73;130;468.9;2922;218.4;49.73;467.5;110.48;80.468;290.9;523.6;496.2;230.3;93.44;18.225;440.8;59.66;65.8;231;858.2
06.01.2023;11144.54;30.01;133.2;476.7;2931;217.8;49.97;457.9;111.1;81.292;293.6;528.2;498.7;228.2;94.9;18.295;444.3;61.4;66.18;232.8;853.8
09.01.2023;11212.57;30.44;134.75;497.3;3023;221.1;50.98;461.9;111.62;80.856;291.4;530.4;503.2;231.8;94.04;18.545;449.8;61.9;66.58;244.6;867.6
10.01.2023;11162.15;30.24;134.95;495.8;3008;218.4;50.64;470.5;111.38;79.16;292.55;528.4;508.4;228.5;92.86;18.545;449.1;61.36;66.72;240.4;862.4
11.01.2023;11246.01;30.9;137.3;503;3053;216.9;50.78;481;112.98;79.52;289.8;539.4;511.2;230.4;91.5;18.88;449.4;62.7;67.02;242.9;884.6
12.01.2023;11287.82;31.17;138.85;504;3015;219;50.98;487.7;113.58;79.728;288.95;544;524.8;231.4;93.24;19.1;450.8;52.12;67.44;246.8;891.6
13.01.2023;11290.79;30.96;138.1;496.2;2973;220;50.56;490.2;113.96;80.088;291.7;537.6;521.6;234.5;92.64;19.185;444.9;50.68;68.24;246.6;863.6
16.01.2023;11435.99;31.17;138.95;497.2;3030;224.7;51.38;502.2;115.18;81.719;294.6;539.2;522.6;236.6;92.66;19.485;445;50.46;69.26;255.1;893.8
17.01.2023;11401.99;31.58;137;494.7;3023;225.7;51.5;498.1;114.6;81.14;294.5;538.6;529.6;236.5;92.08;19.59;441.2;50.54;68.66;257;895
18.01.2023;11366.62;31.41;137.9;496.6;3025;226.8;51.76;497.5;112.44;80.316;295.9;533.8;528.4;234.7;93.4;19.64;440.6;51.6;68.54;262;894.4
19.01.2023;11258.97;30.68;135.05;489.7;2951;217.1;51.82;489.6;112.32;80.098;294.45;533.8;524.4;232.3;92.98;19.15;439.8;50.94;68.08;256.3;851.2
20.01.2023;11295.02;31.07;136.1;488.5;2956;220.2;52.2;484;112.04;80.069;294.3;536.2;538;227.6;94.4;19.45;445.7;50.46;68.68;255.3;867.4
23.01.2023;11406.27;31.57;138.85;498;2929;222.7;52.7;495;113.18;80.97;295.45;538.6;537.2;231;94.18;19.55;443;52.14;69.94;262.3;882.8
24.01.2023;11406.29;31.54;139.35;504.8;2930;220.7;52.9;485.8;112.56;80.619;295.4;541.2;548.2;234;95.78;19.635;454.7;53.92;67.98;259.7;884.2
25.01.2023;11404.77;31.41;139;505.4;2933;217.6;53.1;522;112.7;80.847;293.6;539;548.6;227.2;95.64;19.52;453.9;52.6;67.92;257.6;865
26.01.2023;11317.56;31.83;140.9;509;2983;218;53.2;531;109.8;78.363;289;534.4;547.6;231.1;96.02;19.79;453.6;53.54;68.66;261.7;873.8
27.01.2023;11332.3;31.93;142.4;522.2;2959;217.3;54.34;531.2;109.54;78.269;289.35;534.2;548.4;235;95.02;19.76;452.2;54.42;68.56;262.6;877.2
30.01.2023;11379.64;32.03;142.4;522.4;2980;217.2;54.6;533.8;111.18;78.828;288.2;541.8;547;236.9;95.78;19.85;453.7;54.02;69;261.4;866.4
31.01.2023;11285.78;31.75;140.4;517.6;2956;217.6;54.46;519.6;111.48;78.155;285.25;540;540;227.9;95.56;19.44;452.2;53.32;68.66;258.8;854
01.02.2023;11200.93;31.97;140.55;514.8;2937;223.5;54.84;521;111.02;76.032;279.4;543.8;541.4;233.4;94.38;19.585;451;53.08;68.76;258.8;860.4
02.02.2023;11188.42;31.08;142.2;542;3051;241;55.46;546.6;109.82;74.174;273.85;539.8;545.8;246.2;94.74;19.85;438.6;54.84;70.36;274;939.4
03.02.2023;11349.39;31.88;144.2;541.8;3054;237.3;54.9;552.4;111.78;75.387;282.35;541.6;544.8;247;94.36;20.14;440.7;56.58;70.44;275.1;940
06.02.2023;11283.25;31.43;140.8;525.8;3039;234.6;54.86;556.8;111.48;75.018;283.9;537.2;543.8;243.1;93.38;19.845;439.5;54.96;70.14;272.9;923.2
07.02.2023;11233.87;31.09;139.8;522;3013;232.6;55.12;553;110.04;75.16;284.5;541;542.8;243.8;93.9;19.87;439;53.7;69.42;265.2;917.6
08.02.2023;11276.28;30.7;139.85;510.8;2998;239.1;54.96;557.6;110.38;76.127;286.75;547;544.4;241.6;94.56;19.895;445;53.36;69.78;259;925
09.02.2023;11217.73;31.18;142.55;515;2920;246.1;55.4;549.6;109;75.909;284.6;565.6;546.6;233.1;95.08;20.09;432.9;53.56;69.66;258.5;925
10.02.2023;11130.46;30.93;140;510.8;2842;242.9;54.82;543.4;109.48;75.605;280.15;570.2;542.2;228;94.14;19.945;432.5;52.4;68.54;253.2;910.4
13.02.2023;11209.34;31.27;142.3;514;2878;243.1;55.28;545;110.96;76.221;279.2;566.2;545.6;224.8;95.08;20.01;437.2;53.08;68.9;257.1;926.4
14.02.2023;11231.91;31.11;142.5;517.2;2877;244.4;55.76;546.8;111.3;76.221;278.4;569.6;548.8;229.3;95.24;20.25;438.2;53.54;69.24;256.4;931
15.02.2023;11272.67;31.75;144.65;520.2;2894;240.8;56.72;552.4;110.7;76.487;277.1;571.2;552;232.7;95.74;20.31;440.5;53.88;69.66;260.3;934.6
16.02.2023;11194.91;31.52;146.6;516.8;2895;243.4;56.64;555;107.9;75.217;275.3;568.6;551;241;96.16;20.41;438.6;54.2;69.22;264;932.8
17.02.2023;11256.29;31.56;144;517.2;2850;245.5;56.84;554.4;109.28;76.098;279.2;574;554.4;237.9;96.14;20.29;440.5;53.34;67.66;276.9;920.8
20.02.2023;11266.68;31.45;143.65;514.2;2845;244.4;57.46;563.8;109.54;75.691;280.05;575.2;555.8;238.3;97.48;20.22;439.7;53.32;68.2;277;915.4
21.02.2023;11282.16;31.19;144.45;510.8;2851;239.7;57.38;560.2;109.62;76.515;281.9;574;561;237.9;96.5;20.23;440.8;52.36;67.92;273.9;904.6
22.02.2023;11300.29;31.19;144.2;512.8;2891;242;57.12;563.2;110.36;76.885;281.7;585.2;559;236.1;97.08;19.975;442.2;50.5;67.46;274.4;900.4
23.02.2023;11247.75;31.4;144.35;514.2;2894;243.3;57.3;564.2;108.66;76.307;279.5;579.6;559;239;96.96;20.16;442.4;51.38;67.4;266.9;911.2
24.02.2023;11181.77;31.08;140.75;511.8;2854;241.1;56.7;567;108.32;76.477;275.75;581.4;560.4;237.5;97.1;20.07;444.2;51.4;66.38;264.8;903
27.02.2023;11219.93;31.35;142.4;514.8;2901;241.4;57.94;569.4;108.64;76.184;274.05;586;566.2;235.3;97.54;20.32;447.2;51.78;66.84;266.4;905.4
28.02.2023;11098.35;31.28;141.75;509;2841;241;58.14;560.8;106.08;75.141;271.8;580.4;566.2;231.2;98.2;20.45;446.4;51.48;64.16;263.9;893.6
01.03.2023;11056.08;31.47;142.65;504.4;2821;253.3;57.92;559.6;105.6;74.496;271.1;578.6;586.4;231.4;97.5;20.31;446.7;49.94;63.54;261.5;879.8
02.03.2023;11165.58;31.47;144;510.4;2864;254.4;58.94;561.2;107.74;75.643;273.9;586.2;587.8;234.2;98.08;20.19;449.5;50;63.82;264.1;882.4
03.03.2023;11190.09;31.72;145.2;515.2;2861;252.6;59.26;567.4;107.56;75.207;273.85;585;587.2;243.5;98.08;20.68;441.9;50.34;64.18;264.2;890.6
06.03.2023;11147.25;31.9;148.45;510.4;2828;255.5;59.3;564;105;75.084;270.7;585.8;602.2;246.4;98.98;20.74;445;50.26;64;263.1;898.8
07.03.2023;11064.08;31.73;148.35;505;2801;251.2;59.18;552.4;105.18;74.97;267.5;581.2;592.4;240;98.24;20.41;443.8;48.91;63.04;256;881.6
08.03.2023;11025.26;31.88;146.9;501.2;2761;248.3;59.44;542.8;105.32;74.496;265.75;585.2;597.4;240.3;98.88;20.19;447.2;49.88;62.48;254.4;875.4
09.03.2023;10948.85;32.21;145.65;505.6;2793;249.9;58.86;540.4;105.66;71.568;264.1;585.8;590;245.9;98.28;20.09;446.6;50.62;62.44;260.1;869
10.03.2023;10765.26;30.97;143.5;492.5;2730;246.3;57.92;534;105.46;70.724;263.65;581.4;577.6;240.7;95.6;19.18;432.8;48.95;60.16;254.2;815
13.03.2023;10632.05;30.05;137.3;492.9;2799;243.5;55.86;526;106.76;70.819;264.25;579;559.2;240.1;91.46;17.71;423.2;48.36;59.5;250.6;792.6
14.03.2023;10716.72;30.81;140.1;497.1;2835;250.7;57.48;522.8;107.16;70.952;265.45;578.6;571.2;244.7;91.72;18.34;416.9;48.88;60.02;255.9;792.4
15.03.2023;10516.4;29.31;133.35;489.4;2868;247.3;55.68;518.6;107.24;71.53;265.35;581.2;538.2;236.9;87;16.74;400;48.14;59.92;249.8;759.6
16.03.2023;10719.1;30.09;136.5;505;2959;249.3;56.9;536.8;109.74;72.971;261.3;585.8;553;245.2;90.18;17.31;408.5;49.5;62.04;255.3;773.6
17.03.2023;10613.55;29.67;133.4;499.3;2915;250.9;55.98;533.6;109.34;72.26;261.75;581.8;534.2;246.6;87.96;17.11;401.5;49.24;61.02;254.3;750.4
20.03.2023;10643.64;30.1;136.6;504.4;2972;252.4;56.92;532.2;108.98;72.734;261.45;587.8;540.8;243.3;89.28;17.325;411.2;49.02;61.32;254.5;766.6
21.03.2023;10792.58;30.65;140.55;505.8;2887;255.8;58.28;536.2;107.94;72.876;262.7;589.6;562.6;245;92.78;19.425;422.1;49.31;62.12;257.6;819.8
22.03.2023;10782.28;30.91;140.95;500.2;2910;261.7;58.68;539.6;109.66;72.222;260.95;591.8;559;249.7;92.62;18.705;420.5;49.59;62.5;254.9;824.2
23.03.2023;10718.54;30.76;141.85;500.8;2949;262.8;57.6;538.8;109.64;71.843;258.35;592.4;535;257.4;91.26;17.895;418.3;49.75;62.5;254.6;829
24.03.2023;10634.04;29.79;139.25;489.2;2944;258.6;56.06;528.4;109.64;72.373;258.4;587.6;530;249.3;90.68;17.26;420.6;48.36;61.06;248.1;819.8
27.03.2023;10786.22;29.43;141.15;489.5;2914;261;56.84;538;109.54;77.956;256.9;590.4;535.4;253.5;91.84;17.445;421.4;48.68;62.4;249.8;823.4
28.03.2023;10839.11;29.75;140;491.3;2888;261.4;57.5;533.6;110.26;79.112;256.95;591.8;541.4;254.5;92.24;17.74;425;48.84;62.7;248.8;808.4
29.03.2023;10963.31;30.08;143.4;499.9;2956;266.9;57.9;536;112;78.667;258.85;594.8;553;260.9;93.14;18.4;431.4;50.46;62.02;254.8;822.6
30.03.2023;11032.21;30.82;144.55;506.8;2921;269.6;58.48;543.4;110.74;78.998;260.65;573;561.2;266.8;93.36;19.025;436.2;51.78;64.94;252.5;847.8
31.03.2023;11106.24;31.37;145.9;509.2;2973;271.9;58.9;547.4;111.46;79.387;260.95;583.2;563.2;268.6;93.84;19.29;437.7;53.1;64.7;255.5;856.8
03.04.2023;11093.09;31.38;145.45;508.4;2985;265.2;58.7;544.8;112.1;79.975;260.3;588.4;559.6;267.5;93.06;18.735;436.9;52.14;64.08;254.7;850
04.04.2023;11073.48;30.97;144.7;504.2;2964;266.1;58.32;544;111.3;80.373;260.8;590;564.6;271;93.96;18.77;440.1;52.6;63.76;247.1;845
05.04.2023;11115.4;30.05;143.25;482.8;3034;261.7;55.3;556.8;112.84;81.719;267.3;595.8;561.2;270.1;93.06;18.53;443.5;51.36;62.86;234.7;837.2
06.04.2023;11230.07;29.87;139.75;481.9;3087;260.5;55.48;567.6;113.72;82.553;274.5;602.6;584.4;274.2;94.22;18.73;452.1;51.94;64.18;230.7;844.8
07.04.2023;11230.07;29.87;139.75;481.9;3087;260.5;55.48;567.6;113.72;82.553;274.5;602.6;584.4;274.2;94.22;18.73;452.1;51.94;64.18;230.7;844.8
10.04.2023;11230.07;29.87;139.75;481.9;3087;260.5;55.48;567.6;113.72;82.553;274.5;602.6;584.4;274.2;94.22;18.73;452.1;51.94;64.18;230.7;844.8
11.04.2023;11265.3;30.66;141.65;488.8;3063;262.3;56.4;569.6;113.42;82.316;273.65;603.6;592;276;94.5;18.93;457.9;51.34;63.1;236.6;849
12.04.2023;11231.99;31.05;138.9;485.8;3094;263.1;56.58;575.6;112.94;82.221;275.4;601.4;593;278.1;94.52;19.01;432.8;51.1;63.64;235.3;850.2
13.04.2023;11258.95;30.84;145;487.1;3073;265.4;56.96;581.4;111.62;82.562;276.55;600.6;591.2;282.7;94.14;19.065;427.5;50.92;63.88;238.2;859.6
14.04.2023;11342.86;31.51;149.65;492.9;3088;261.3;57.9;586.8;112.98;82.884;277;599;597.2;278.4;88.76;19.465;421.7;52.22;64.4;241.7;874.2
17.04.2023;11311.76;31.68;146.3;496.8;3081;269.4;58.48;590.2;113.6;83.5;277.95;602;587.2;280;85.32;18.725;416.5;53.02;63.46;241.1;844.6
18.04.2023;11358.98;31.85;148.75;504.8;3105;270.7;58.7;586.4;114;83.15;276.35;602.8;594.2;288;88.48;18.79;419.3;52.94;64.08;249.7;853.6
19.04.2023;11366.22;31.58;149.55;502.8;3108;271.2;58.64;580.2;114.3;83.633;275.2;602.8;600.4;285.9;89.08;18.58;427.1;51.66;63.46;250.6;856.2
20.04.2023;11390.64;31.53;150.35;502.2;3150;271.8;58.92;569.4;114.74;83.548;277.6;603.6;599.4;284.2;90.18;18.27;433.1;50.84;63.86;249.9;859
21.04.2023;11460.58;31.57;150.75;494.4;3172;269.9;58.76;574.2;116.3;84.268;281.05;605.6;597;289.2;89.32;18.055;431;50.94;65.2;249.8;856
24.04.2023;11467.2;31.67;151.75;497.1;3183;269.7;59.54;578.6;114.66;84.837;280.75;605;594.2;290.5;89.78;18.195;433.2;50.9;65.62;248.5;863.2
25.04.2023;11513.12;32.78;150.4;489.3;3168;260.4;59.38;556.8;115.52;88.258;281.9;605.6;588;285.6;89.1;17.8;429;50.36;64.68;242.2;847.6
26.04.2023;11364.91;31.92;147.6;484.8;3110;260;58.68;546;115.04;86.875;274.65;609.2;583.4;278.9;88.92;17.96;426.4;50.72;64.1;240.3;835.6
27.04.2023;11361.89;32.25;149.25;495.9;3099;263.4;58.56;549.6;113.7;86.581;276.2;614.4;584.2;279.3;88.88;17.94;425.2;50.94;63.64;240.4;842
28.04.2023;11437.14;32.12;146.95;506.8;3122;263.9;58.82;553.8;114.52;86.372;280.35;613;586.8;281.8;89.72;18.065;431.8;52.52;64.82;245.4;863.2
01.05.2023;11437.14;32.12;146.95;506.8;3122;263.9;58.82;553.8;114.52;86.372;280.35;613;586.8;281.8;89.72;18.065;431.8;52.52;64.82;245.4;863.2
02.05.2023;11423.33;31.93;147.9;499.4;3099;265.4;58.54;553.4;114.56;87.405;280.65;614.8;574;278.2;88.56;17.7;425.2;56.22;64.24;242.8;844.4
03.05.2023;11506.19;32.05;151.25;503.4;3108;268.2;58.96;582;116.12;87.68;281.1;619.4;549.2;283.6;89.56;17.23;428.5;55.4;65.56;244.5;854.8
04.05.2023;11456.37;31.73;148.25;510.2;3128;267.7;59.1;580.8;115.6;87.851;282;605.2;541.2;283;87.92;16.74;425.2;56.3;65.1;245.1;849
05.05.2023;11554.24;32.04;147.95;513.4;3174;270.8;60.04;580.4;116.46;88.344;283.7;605.4;548.2;287.5;88.78;17.4;429.4;57.36;65.16;249.1;861
08.05.2023;11595.25;32.22;150.6;512.6;3158;273.8;60.16;578.2;116.38;88.818;284.1;602;556.6;286.5;89.82;17.475;431.9;57.2;66.38;249.1;856
09.05.2023;11546.04;32.53;148.35;510.8;3116;273.4;58.22;563.8;116.42;88.581;283.6;605.2;562.4;275.6;91.16;17.45;432.5;56.68;65.74;247.4;841.8
10.05.2023;11447.23;32.6;146.7;501.2;3111;273.5;57.66;565.8;114.58;87.14;280.2;594;555.4;282.9;89.04;17.27;426.6;56.94;70.58;248;847.2
11.05.2023;11522.97;32.94;149.45;502.8;3183;259.5;57.72;576.8;115.18;87.747;282.45;592.4;537.2;283.5;89.46;17.145;426.8;57.34;71.34;250.8;847
12.05.2023;11564.73;33.12;154.7;501;3166;262.4;58.32;574.6;114.98;87.699;284.75;590.4;533.2;280;90;17.235;427.2;56.68;70.98;251;853.4
15.05.2023;11578.25;33.1;155.65;502.8;3165;262.4;58.42;584.4;114.86;87.661;284.25;594.6;539.2;278.6;89.78;17.235;430.3;56.78;71.38;250.8;849
16.05.2023;11519.87;32.93;154.7;496.2;3126;259;58.56;581.8;114.46;87.671;282.3;595;531.4;248.8;89.28;17.165;429.3;57.14;71.76;251.6;830.6
17.05.2023;11437.78;33.13;154.85;494.4;3009;256.2;58.52;565.6;113.28;86.306;283.4;585.4;526.8;247;89.4;17.345;418.5;56.76;72.02;249.4;824.8
18.05.2023;11437.78;33.13;154.85;494.4;3009;256.2;58.52;565.6;113.28;86.306;283.4;585.4;526.8;247;89.4;17.345;418.5;56.76;72.02;249.4;824.8
19.05.2023;11571.16;33.89;152.95;506.8;3052;259.4;59.18;578;113.82;85.785;288.25;584.6;535.4;255.8;91.72;17.99;428.1;59.08;73.42;257.2;855
22.05.2023;11553.23;33.69;153.85;499.8;3021;262.4;58.76;577.2;112.96;86.477;286.4;583;536;253.8;91.16;18.08;428.6;59.22;73.56;256.9;856.4
23.05.2023;11484.9;33.27;148.45;491.6;3020;259.2;57.46;580.4;112.42;86.069;286.55;583;537;245.9;92.12;18.11;432.4;58.76;72.76;250.2;861.8
24.05.2023;11383.14;32.78;144.1;485.9;3016;254.7;56.48;563.4;112.22;85.86;288.8;583.6;525.6;239;90.26;17.855;423.1;57.72;70.86;247.3;825.4
25.05.2023;11325.26;33.18;146.65;485.5;3011;255.4;56.3;565;111.3;83.927;287.5;575.6;525.4;238.2;90.12;17.67;421.4;58.34;70.88;247;840.8
26.05.2023;11434.24;33.7;149.7;491.3;3051;261.7;56.5;572;112.06;84.268;290.7;573.4;532.2;238.7;91.34;17.915;425.6;59.78;71.68;251.5;824.4
29.05.2023;11434.24;33.7;149.7;491.3;3051;261.7;56.5;572;112.06;84.268;290.7;573.4;532.2;238.7;91.34;17.915;425.6;59.78;71.68;251.5;824.4
30.05.2023;11282.45;33.69;150.4;489;3023;262.6;56;566.8;108.34;82.477;287.9;573.4;531.6;235.6;91.96;17.58;427.3;58.88;71.02;249.3;825.6
31.05.2023;11217.89;33.26;144.55;482.4;2996;259.1;56.14;569.4;107.9;82.61;288.2;576.8;526;233.4;91.22;17.24;426;58.36;70.66;248.4;820.8
01.06.2023;11296.28;33.52;142.5;488;3026;258.8;56.3;575.8;108.78;83.463;289.75;575.8;529.4;235.7;92.78;17.655;429;57.84;71.3;248.8;825.2
02.06.2023;11443.35;33.94;145.75;498.5;3043;264.3;57.24;586.8;109.6;84.704;292.8;568.8;538;239.2;93.2;18.08;432.3;57.52;72.1;255.8;841.6
05.06.2023;11415;33.93;144.95;494;2997;260;57.48;577;108.78;85.661;291.45;568.6;532.8;235.1;92.28;18.13;431.7;57.32;71.9;255.5;832
06.06.2023;11468.27;34;144.2;501.4;3033;255.2;57.38;597.8;109.16;85.794;292.15;568;538.6;239;92.44;18.265;434.7;57.34;72.46;257;843
07.06.2023;11348.11;34.1;143.9;498.5;2965;251.6;57.56;583;107.82;84.827;287.85;561.8;534.2;238.8;91.26;18.27;430.1;57.12;70.74;255.5;834.2
08.06.2023;11308.9;34.24;143;496.9;2951;249.8;58.48;578;107;85.652;283.95;554.4;532.6;240.6;89.7;18.255;427.3;56.92;70.92;253.5;839.8
09.06.2023;11254.42;34.5;141.9;486.6;2860;244.5;58.06;562.8;107.16;85.462;282.1;557.2;534.2;240;88.14;18.2;426.8;57;71.24;247.6;838
12.06.2023;11301.25;34.81;145.05;490.9;2889;244.6;58.84;561.8;107.16;86.097;280.05;547.8;536.2;241.3;88.38;18.35;426.4;57.44;71.08;253.2;863.8
13.06.2023;11327.27;35.28;147.95;493;2905;256.6;59.28;565.2;106.64;85.292;280.3;547.2;535.6;240.7;88.46;18.43;425.3;58;71.6;257.7;885.8
14.06.2023;11278.3;35.41;147.05;491.2;2884;260;59.86;569;106.52;84.979;274.55;552.2;540.6;237.6;88.46;18.485;426.4;50.74;71.8;259.7;887.2
15.06.2023;11302.83;35.47;145.95;487.8;2877;258.9;59.4;564.6;107.92;85.652;275.5;556;536.8;237.3;88.26;18.255;428;51.34;71.62;258.1;880
16.06.2023;11386.26;35.49;150.45;488.3;2932;261.3;59.46;567.6;108.06;86.022;279.85;560.4;537.8;240.2;88.32;18.25;428.7;51.26;72.62;258.5;885.6
19.06.2023;11306.64;35.24;148;472.3;2895;258.4;59.1;549;108;86.107;276.15;558.4;537;235.9;87.92;18.505;428.3;50.66;72.26;251.3;874
20.06.2023;11215.91;34.74;146.75;459.1;2892;257.9;59.08;531.6;107.36;85.927;275.6;557.8;537.2;233.8;87.64;18.065;425.6;50.3;72.12;242;859.2
21.06.2023;11173.65;34.64;145.6;450.7;2883;255.8;59.86;528.2;108.1;85.794;273.85;553;533.4;230;87.24;18.025;421.6;48.51;71.58;237.3;834.2
22.06.2023;11183.42;34.46;148.2;452;2916;256.9;59.6;527;108.18;85.358;274.85;551;528.8;231.6;87.72;17.835;421.5;49.93;71.92;237.7;835.6
23.06.2023;11221.22;34.3;146.15;454.7;2958;258.6;59.56;529.8;108.78;85.955;276.5;556.2;529.8;233.2;88.5;17.725;424.8;49.9;72.28;240.5;817.8
26.06.2023;11141.9;34.38;147.25;455.9;2966;259.4;59.44;521.8;108;84.278;273;555;529.6;232.8;88.04;17.56;424.4;49.83;71.98;243.3;816
27.06.2023;11142.65;34.75;149;457.7;2934;262.5;59.5;515.6;107.9;84.088;270.65;555.6;537.2;233;89.42;17.57;425.9;51.1;71.64;245.9;813.2
28.06.2023;11183.55;35;149.45;464.9;2954;264.5;59.86;529.2;106.98;83.908;274.75;555.6;513.6;237.3;89.08;17.755;422.5;52.24;72.44;248.9;836.6
29.06.2023;11170.51;34.47;150.35;459.8;2908;260.7;59.8;523;106.92;84.477;273.2;558;514.6;234.2;89.72;17.89;422.4;52.54;72.58;247;831.4
30.06.2023;11280.29;35.18;151.65;468.1;2965;264.7;60.2;533.4;107.6;85.301;273.5;557.8;523;238.2;90.04;18.095;424.9;53.24;74.1;255.7;841.6
03.07.2023;11219.15;34.61;150.15;462.8;2958;263.2;60.2;529.4;107.84;83.918;273.45;559.2;524.8;232.1;90.46;18.28;426.4;52.76;72.52;252.3;816.6
04.07.2023;11217.34;34.4;150.3;463.2;3004;267.8;58.8;530.6;106.96;84.183;274.75;558.4;526.6;235.4;89.48;18.22;425;53.5;73.24;253.6;821.4
05.07.2023;11193.92;34.26;148.9;455.3;2973;265;58.64;530.8;106.9;84.316;276.8;560.2;522.6;234.1;88.48;17.96;420.3;53.38;73;252.8;818.8
06.07.2023;10986.78;33.69;144.25;441.3;2929;260.1;56.34;528.4;106.08;83.093;270.7;555.2;512.6;230.6;86.8;17.31;413.9;52.06;72.26;245.1;788.8
07.07.2023;10874.9;33.57;143.8;444.6;2927;261.7;56.4;525;104.66;80.477;265.2;551.2;516.2;232.5;88.84;17.665;410.5;53.2;71.72;244.8;803.2
10.07.2023;10922.01;33.57;144.1;445.7;2926;261;57.18;528.6;105.58;81.302;265.25;545.2;514.2;231.5;88.6;17.71;410;52.98;72.62;246.1;801
11.07.2023;10962.59;33.66;147.55;454;2966;264;58.06;530.8;105.08;81.103;264.85;543.4;519.4;233.9;89.16;17.815;409.6;53.34;73.18;254.3;809.4
12.07.2023;11019.03;34.21;151.3;469.2;3007;270.3;58.9;533.8;104.7;80.6;265.95;550.2;526.8;234.1;90.48;18.055;411.4;53.5;73.12;254.2;822
13.07.2023;11021.66;34.01;152.35;464.5;2992;272.8;59.06;531.2;105.1;80.183;267.6;550.4;529.8;235.9;90.62;18.095;409.9;53.84;72.92;247.2;834.6
14.07.2023;11110.19;34.1;153.95;471.4;2998;273.3;59.12;544.4;105.2;80.524;271.2;554.2;528.4;238.9;90.14;18.08;409.8;54.4;73.34;251.3;934.8
17.07.2023;10976.2;33.89;137.9;465.4;2944;270.4;58.66;541.2;104.74;80.486;268.2;555.8;528.2;234.7;90.38;18.13;408.3;54.76;72.62;253;920
18.07.2023;11103.55;34.03;141.55;469;2956;270.8;58.98;550.8;104.38;84.221;269.3;551.6;532.2;236.3;91;18.315;408.8;54.76;72.64;254.1;927.4
19.07.2023;11120.15;33.45;138.4;474.1;2973;268.6;58.94;553.2;104.76;84.306;271.15;553.6;535;239.3;91;18.35;411.9;54.7;72.5;256.3;952.6
20.07.2023;11201.55;34.58;136.9;474.2;2922;268;59.7;552.4;104.06;86.202;273.8;558.2;545;238.6;92.54;18.38;420;54.66;73.1;258;948.2
21.07.2023;11207.38;34.9;139;476.9;2849;266.6;59.8;490.9;104.66;86.505;274.6;557.8;545.6;237.8;93.16;18.48;424.2;55;73.3;258.2;965
24.07.2023;11177.68;35.1;138.2;474.6;2873;265.2;59.2;485.5;104.4;86.06;273.5;561;544.2;238.4;93.28;18.63;422.3;54.96;72.82;257.4;969.4
25.07.2023;11231.41;35.15;138.35;484.5;2907;275.2;59.72;496.2;104.6;86.031;273.15;559;548.8;240.7;93.54;18.78;423.2;61.74;72.96;262.3;975.8
26.07.2023;11183.55;34.69;136.3;483.6;2892;273.2;59.56;490.4;105.24;85.055;271;560.6;552.8;238.6;93.44;18.865;424.2;61.62;72.8;260.8;978.2
27.07.2023;11373.21;35.3;140.3;496.6;2951;276.5;61.64;501.4;108;86.012;272.45;563.2;558.6;244.2;93.38;19.11;427.6;62.78;74.04;272;993.2
28.07.2023;11317.74;34.9;140;495.2;2943;270.6;61.92;504.6;107.36;85.538;269.4;564;555.8;241.7;93.4;19.25;427.1;61.42;74;271.4;984
31.07.2023;11309.25;34.86;140.3;493.4;2939;272.4;60.6;505.2;106.88;86.315;270.6;560.4;552.8;242.5;90.9;19.275;420.8;61.48;74.04;270.7;978
01.08.2023;11309.25;34.86;140.3;493.4;2939;272.4;60.6;505.2;106.88;86.315;270.6;560.4;552.8;242.5;90.9;19.275;420.8;61.48;74.04;270.7;978
02.08.2023;11212.7;34.76;135.3;485.7;2881;271.2;60.62;497.8;107.3;86.022;269.8;557.8;538.8;233.7;88.62;18.8;416;60;72.56;270.4;958.6
03.08.2023;11087.18;34.25;134.9;484.1;2851;268.6;60.48;490;105.36;84.41;266.95;532.6;536.4;233.1;89.1;18.94;413.4;60.12;71.86;268.2;955
04.08.2023;11098.48;34.52;135.25;492.1;2867;271.6;60.7;493;104.16;84.42;265.05;528.2;545.6;235.2;87.68;19.225;416.9;60.26;71.52;279;974
07.08.2023;11107.47;34.56;134.05;490.6;2875;273.5;60.74;490.2;104.36;85.159;264.85;527;551;235.7;87.44;19.37;418.9;59.86;71.68;271.1;974
08.08.2023;11057.32;34.14;130.7;482.9;2848;269.4;60.16;491.2;104.04;85.282;266.45;527.8;543.2;234.8;87.48;19.13;417.1;59.26;71.22;267.5;959.4
09.08.2023;11081.54;34.4;130.8;481.9;2838;270.5;60.06;489;104.3;85.936;265.6;530.8;547.2;234.4;87.32;19.32;420.2;59.2;71.7;265.5;949.2
10.08.2023;11149.79;33.65;134.1;483.7;2897;275.9;60.4;498.1;105.04;85.851;266.9;534;554.8;238.1;87.56;19.405;422.8;60.02;72.16;268.3;974
11.08.2023;11081.63;33.81;130.3;474.3;2852;272.4;59.84;494.9;104.08;86.041;265.15;534.6;551.8;235.3;85.18;20.32;414.4;59.14;71.1;262.8;956.8
14.08.2023;11110.11;33.99;129.45;476.7;2865;274.4;59.92;494.2;104.5;86.173;264.85;534.4;554;236.3;85.56;20.7;414.7;59.46;71.72;262.5;959.2
15.08.2023;10985.22;33.55;126.35;470.7;2805;273.8;60;487.9;103;85.519;262.25;531.8;545.6;234.9;84.82;20.58;411;59.7;70.66;258.1;944.6
16.08.2023;10992.31;33.41;126.25;467.7;2815;274.6;60.02;479.8;104.22;85.387;260.6;532.4;544.8;235.8;84.4;20.8;410.9;59.32;71.34;257.4;939.6
17.08.2023;10884.89;32.5;124.4;441.5;2772;270.4;59.56;473.2;103.3;85.169;257.95;527.2;539;232.8;84.36;20.79;407.6;58.16;72.22;250.6;924.8
18.08.2023;10839.06;32.57;122.65;442.8;2751;269;59.34;471.9;103.86;84.723;255.05;528.4;536.8;230.8;83.88;20.65;405.7;58.16;72.26;247.5;923.4
21.08.2023;10848.34;32.45;123.2;441.4;2740;268.6;58.34;469.9;104.16;85.301;254.3;529.6;540.8;232.8;83.66;20.6;407.3;58.38;73.28;244.9;920.8
22.08.2023;10875.68;32.74;123.2;442.9;2745;266.9;58.88;469.1;104.16;85.908;253.05;525.8;540.4;233.9;83.18;21.04;405.3;59.38;74.1;245.1;924.2
23.08.2023;10973.64;32.89;123.5;444.8;2804;264.5;57.98;480;104.72;85.652;262.55;529.8;540.8;234.1;84.2;21.32;406.6;59.96;73.98;246.2;921
24.08.2023;10976.83;32.8;124;444.8;2844;262.6;57.58;477.5;105.7;85.169;260.15;530;542.8;235.3;84.5;21.95;407.1;59.14;73.66;240.9;923.4
25.08.2023;10956.9;32.91;123;443.2;2849;264.4;57.52;473.3;106.24;85.036;259.2;530.4;537.4;234.7;84.6;21.63;407.3;59.1;73.64;239.7;916.8
28.08.2023;11032.76;33.35;124.65;448.3;2863;268.3;58.12;475.5;106.56;85.737;259.15;532.2;541.4;234.5;85.24;21.98;410.1;59.9;74.16;242.6;929
29.08.2023;11106.24;33.63;126.65;451.7;2901;272.7;58.36;479.9;106.96;85.842;261.05;533.8;548.6;232.5;85.9;22.07;413.2;60.62;74.94;246;946
30.08.2023;11090.22;33.64;126.45;453.8;2921;272.8;58.24;483.2;106.32;85.235;261.8;535.2;546;234;85.74;22.16;412.9;60.34;74.74;246.3;944.6
31.08.2023;11125.95;33.69;125.6;458.6;2948;265.9;58.56;488.9;106.4;84.647;260.3;538;554.6;233.7;85.9;23.5;415;61.26;73.92;250.4;955.2
01.09.2023;11075.15;33.31;124.6;455.4;2929;260.7;58.16;492.5;105.46;84.685;259.45;535;555.8;233.1;85.64;23.42;415.5;61.52;73.2;247;953.8
04.09.2023;11053.59;33.32;125.6;456.4;2922;256.4;57.66;495.3;105.04;84.382;257.65;534;551.2;232.9;85.08;23.71;412.3;62.14;72.8;247.5;964.4
05.09.2023;10958.9;33.02;123.45;450.4;2894;255.7;56.92;494.4;103.74;83.207;253.9;529.2;553.8;228.6;85.8;23.67;413.5;63.06;72.74;241.8;1028
06.09.2023;10924.42;33.48;117;450.1;2927;259.1;57.12;496.1;104.2;82.657;252.4;533.8;565.6;228;86.8;23.13;413.5;64.08;73.28;245.5;1021
07.09.2023;10993.43;33.35;116.05;449.6;2915;260.9;57.28;492.4;105.2;84.003;256.65;540.4;558.2;222.3;88.48;22.93;413.6;63.1;73.82;249.1;1013.5
08.09.2023;10948.59;32.87;117;447.2;2900;260.1;56.74;483.8;105.22;83.519;256.7;541.8;558.2;215.2;88.92;22.76;411;62.9;73.6;242.6;1021.5
11.09.2023;10972.21;33;117;448.9;2883;260.1;57.06;487.2;106.1;83.7;253.9;542.2;563.2;217.1;90.34;22.88;414.6;62.9;73.92;243.1;1016
12.09.2023;10987.13;32.94;116.75;445.8;2840;259.6;57.18;484.7;105.14;84.989;254.65;542.8;566.6;219.5;91.04;22.95;417.5;63;74.44;237.6;1028
13.09.2023;10976.38;32.19;116.35;446;2815;256.5;57.32;485.7;104.3;85.131;256.6;544.4;569.8;218.8;91.74;23.24;418.7;62.94;72.7;237;1029.5
14.09.2023;11098.32;32.51;118.3;451;2843;263.5;58.12;489.3;104.96;86.467;259.55;545.2;577.8;221.7;93.06;23.46;423.8;62.74;73.1;239.6;1039.5
15.09.2023;11197.72;32.78;121.7;457.4;2869;265.1;58.72;497.4;105.42;87.443;261.35;547.4;579.8;224.2;94.02;23.4;425.7;64.04;74.1;244.5;1041.5
18.09.2023;11090.61;33.03;119.85;452.7;2843;267.1;58.34;424.3;105.72;87.216;257.95;548.2;569.8;218.9;93.68;23.41;426.3;64.18;72.8;240.7;1029.5
19.09.2023;11068.7;32.64;117.7;447.2;2831;264.8;58.56;430.1;105.6;87.197;257.05;548.2;576;215.8;94.68;23.4;427.3;64.54;71.96;239.1;1051
20.09.2023;11154.11;32.88;115.55;456.3;2965;269;59.58;440.7;106.72;88.04;256.1;551;576;218;95;23.74;429.8;64.34;72.5;242.8;1053
21.09.2023;11084.74;32.62;115.2;453.7;2948;267.3;59.12;426.3;107.92;87.87;251.05;556;574;219.9;95.02;23.29;430.3;64.46;70.96;239.9;1019
22.09.2023;11014.76;32.26;117.05;451.3;2967;264.3;58.04;426.3;106.9;87.14;249.4;552;573.4;216.4;94.14;23.1;426.9;64.06;71.14;236.7;1021.5
25.09.2023;11014.26;32.47;114.25;451.1;2938;266.1;58.88;432.1;107.14;87.671;249.55;545.2;571.8;218.7;94.68;23.09;423.5;62.52;71.1;232.6;1020
26.09.2023;10953.7;32.05;110.8;449.7;2945;260.7;58.68;432.4;105.6;88.135;249.1;549;574.2;220.1;94.6;23.01;423.5;60.7;70.5;229.3;1024
27.09.2023;10882.31;32.53;109.3;450.8;2934;259.1;58.6;422.1;103.7;87.633;252;543;564.6;215.4;93.94;22.34;419.3;62.4;70.2;229.4;1016.5
28.09.2023;10917.79;32.92;109.9;452.7;2979;259.8;58.76;422.1;102.9;88.818;249.7;542.4;565.2;215.2;95;22.65;421;62.94;71.4;230.9;1023.5
29.09.2023;10963.5;32.8;112;459;2994;261;58.78;425.6;103.74;88.969;250.45;544.2;571.6;217.7;94.32;22.69;420.1;63.28;70.94;233.1;1034.5
02.10.2023;10863.65;32.95;111.3;452.8;2940;260.8;58.34;420.5;102.76;88.495;248.05;542.6;564.2;213.8;92.92;22.42;412.9;63.44;69.62;230;1025
03.10.2023;10763.37;32.65;110.15;459.4;2913;260.4;56.84;415.3;102.64;87.14;246.35;539.4;562.6;212.1;92.32;21.98;411.5;63.32;68.66;228.8;991.2
04.10.2023;10756.19;32.61;110.45;451.7;2899;258;56.76;415.9;102.84;87.6;243.95;536.4;561.6;211.1;91.94;21.93;409.8;63.94;68.64;230.2;1002
05.10.2023;10783.15;32.66;111.65;451.2;2904;261.5;56.02;419.9;102.9;87.23;246.7;537.4;563.6;211.9;92.2;21.91;412;63.94;68.62;230.5;1006.5
06.10.2023;10837.59;33.17;112.9;455.2;2835;263.9;57.1;429;100.3;88.38;248.1;538.8;576;215.8;94.02;22.3;418.6;64.8;68.86;233.3;1029.5
09.10.2023;10822.24;32.47;109.65;451.8;2828;263;56.24;429;101.4;88.13;250.85;543;576.4;215.1;94.62;22.14;420.8;64.04;68.04;228.5;1015
10.10.2023;11001.69;33.19;113.9;461.8;2915;265.9;58;434.1;103.3;89.12;252.65;545.2;579.6;219.9;96.52;22.46;425.5;64.8;69.42;235.1;1042
11.10.2023;11038.3;33.38;109.3;462.6;2892;261.8;58.04;432.2;105.16;89.68;254.05;548;582.8;219.2;97.28;22.69;427.4;64.12;68.04;234.6;1046.5
12.10.2023;10979.77;33.43;108.5;457.6;2910;264.7;58.28;431.6;103.42;89.05;252.7;545.2;582.4;220.1;97.36;22.59;426.8;65.44;68.1;234.9;1045.5
13.10.2023;10900.3;32.95;105.9;449.7;2895;265;58.04;418.1;103.08;87.52;255.05;546.2;578.2;217.5;98.02;22.03;428.1;64.88;67.84;235.6;1028.5
16.10.2023;10889.03;32.7;106.05;452.3;2910;265.9;58.02;426.1;102.82;87.2;252.15;544;578.2;218.7;97.32;22.45;427.7;64.88;68.64;235;1038.5
17.10.2023;10814.02;32.66;105.4;443.4;2890;260.5;57.88;357.3;102.78;87.38;252.5;544;580.8;216.4;98.54;22.56;431.1;64.78;67.62;222.2;1024.5
18.10.2023;10675.44;30.55;105.1;429;2898;254.4;56.72;344.7;102.26;87.15;249.45;544.4;579.8;215.1;98.36;22.02;429.4;63.76;66.14;216.3;1004
19.10.2023;10448.23;30.26;106.05;427.7;2897;251.7;56.48;342;98.75;84.75;238.45;539.4;574;213.7;98.38;21.71;425.7;63.02;65.3;218.2;976.6
20.10.2023;10348.6;29.54;104.95;416.9;2870;247.5;54.92;332.9;98.48;84.8;239;536.2;556.6;210.5;95.9;21.11;417.2;61.64;64.72;217;950.2
23.10.2023;10331.92;29.89;105.8;419.5;2842;251.8;55.52;327.6;97.7;84.5;237.55;533.8;559.2;212.4;95.52;21.24;417;61.9;64.84;215.9;955.6
24.10.2023;10376.81;29.61;108;417.9;2824;252;55.16;330.9;98.04;85.11;237.2;534.8;563.2;213.8;96.7;21.2;420;68.18;65.42;215.7;958.6
25.10.2023;10400.93;29.8;107;416.4;2852;240.4;55.78;315;98.55;85.82;237.55;534;568.6;212.3;97.68;21.44;426.4;69.8;64.62;212;955.2
26.10.2023;10367.69;29.81;104.45;418.4;2910;239.6;56.04;315.9;98.88;85.09;237.25;533.4;570;209.9;97.58;21.38;426.8;68.34;62.68;211.2;955.8
27.10.2023;10323.71;29.96;104.4;421.5;3026;240.6;55.52;314.6;97.46;83.76;237.75;534.8;569.8;209.5;97.38;21.21;424.4;69.9;63.14;214.1;947.8
30.10.2023;10382.19;29.93;104.75;419.6;2988;241.7;55.92;311.5;97.7;84.63;241.3;538.2;574.4;208.9;98.18;21.26;428.2;69.96;63.16;214.1;951.8
31.10.2023;10391.16;30.44;106.9;421.8;3020;244.5;56.08;316.8;98.06;84.54;233.85;544;581.8;214.5;99.12;21.22;430.6;71.16;64.82;216.9;956.8
01.11.2023;10503.89;30.49;106.8;422.3;3028;241.8;57.3;318.6;99.38;85.21;237.7;549.8;583.8;217.3;100.95;21.74;436.8;72.12;65.58;215.2;967.2
02.11.2023;10591.98;30.95;109.6;462.3;3073;249.6;58.56;320;100.52;84.66;238.15;514.6;586.8;224.3;100.4;21.94;438.5;71.96;65.9;223.8;993.4
03.11.2023;10579.67;31.12;112.45;472.9;3057;242.5;58.94;329.1;99.75;83.34;237.25;513.8;589.2;225.9;99.26;21.98;437.3;71.46;67.02;227.8;1007.5
06.11.2023;10576.75;31.09;111.4;460.9;3038;239.9;59.1;331.4;99.87;84.24;237.15;515.6;589.2;225.7;99.1;21.88;435.1;70.86;66.68;225;1009.5
07.11.2023;10571.03;31.02;110.8;458.5;3055;239.9;58.96;331.4;99.62;84.18;236.4;511;586.2;221.6;98.84;22.28;433.2;72.32;66.62;226.4;1015
08.11.2023;10595.06;31.29;111.75;455.6;3063;240.5;59.38;334.4;99.07;84.88;238.15;510.4;551.6;223.1;98.7;22.35;433.6;72.36;66.14;226.5;1028.5
09.11.2023;10644.99;32.45;112.55;465.3;3110;242.8;59.64;339.2;99.91;84.3;238.1;515.2;553.8;225.9;98.36;22.29;432;73.28;66.32;229.4;1051.5
10.11.2023;10555.35;32.14;106.7;460;3180;239.8;59.98;334.6;99.38;83.86;236.75;512.2;551.6;226.9;97.96;22.02;431;73.44;64.94;225;1050
13.11.2023;10590.39;32.53;104.6;453;3183;241.6;60.88;335.6;98.9;84.62;238.75;511.2;557.4;226;99.2;21.87;434.4;74.12;65.62;227.4;1055
14.11.2023;10715.73;33.35;110.4;471.8;3188;246;62.26;349;99.4;84.56;239.6;507.8;567.4;236.3;99.1;22.09;435.1;74.46;66.96;234.2;1091
15.11.2023;10708.19;33.54;112;474.8;3264;249.5;61.74;351.3;99.6;83.62;238;505;568.4;232.4;99.14;22.59;432.5;75.62;63.38;237;1103.5
16.11.2023;10643.07;33.6;109.95;471;3218;246.8;61.66;353.3;98.63;83.23;236.85;509.2;570;230;99.06;22.47;430.2;75.32;62.26;234.6;1110.5
17.11.2023;10737.37;33.78;112.6;476.4;3229;246.4;61.76;355;98.99;84.1;237.6;509;577.6;232.1;99.98;23.14;437;75.54;62.48;235.4;1126
20.11.2023;10740.27;33.64;113.8;477.8;3248;247.8;61.82;357.2;98.29;84.28;237.15;510.4;571.2;233.7;100.95;23.27;436.1;75.94;63;235.2;1122
21.11.2023;10782.23;33.76;113.05;478.5;3274;247.3;62.5;352.8;99.75;85.07;237.6;511;567.4;246.3;101.55;22.96;433.1;75.52;63.58;235;1116.5
22.11.2023;10832.39;33.96;113.75;483.8;3230;248.8;62.8;352.2;100.3;86;236.6;512.2;568.2;247.8;101.85;23.13;431.6;76.24;65;236.9;1131.5
23.11.2023;10851.62;33.89;113.55;481.2;3225;249.7;62.94;351.7;100.34;86.25;238.35;516.2;557.8;249.1;102;23.23;433.8;74.94;64.78;236.7;1139
24.11.2023;10879.52;34.13;112.1;482.6;3254;252.9;63.06;350.5;100.48;86.79;238.7;515.8;563.6;250.3;102.65;23.31;435.8;74.52;64.66;237.3;1146
27.11.2023;10821.06;33.89;111.7;479;3265;254.4;62.9;344.8;100.22;85.97;236.9;514.6;563;253.5;103.05;23.01;435.8;74.72;64.72;235;1132.5
28.11.2023;10760.38;33.88;108.5;478.2;3236;253.4;63.18;339;99.4;85.28;235.9;513;559.6;246.2;103.3;23.2;434.9;74.54;64.8;235;1129
29.11.2023;10802.88;34.09;109.5;486.4;3245;256.2;63.9;341.8;99.13;84.84;236.4;511.4;561;251.8;102.75;23.9;435.5;75.06;65.42;236.8;1144
30.11.2023;10854.32;34.71;109.2;489.4;3272;253.2;64.3;338.4;99.35;85.12;236.05;510.4;560.6;252.3;103.25;24.63;437.9;76.24;65.92;237.2;1152.5
01.12.2023;10887.36;35.18;109.95;486.4;3303;255.9;65.06;334.8;98.95;85.38;239.6;510.2;567.6;255.8;98.34;24.82;438.7;75.5;65.72;236.8;1155.5
04.12.2023;10952.44;34.86;110.5;483.7;3308;255.2;64.44;330.1;99.97;86.14;246.3;507;563;255.4;99.6;24.79;441;75.2;64.02;236.1;1150.5
05.12.2023;10964.81;35.38;111.5;494.2;3292;258.6;64.7;333.8;99.62;85.06;250.95;507.2;560.2;254.6;99.06;24.34;444.4;75.54;63.02;238.6;1147
06.12.2023;11001.62;35.46;113.25;502.6;3376;261.3;65.18;334.7;99.4;84.89;249.95;506.2;562.8;257.3;98.76;24.72;447;75.98;63.2;243;1155.5
07.12.2023;10968.1;35.5;112.85;505.2;3372;260;64.98;328.5;98.67;84.25;249.45;509.4;564;254.5;98.66;24.57;450.2;76.56;63.02;245.4;1161.5
08.12.2023;11071.77;35.97;115.75;507.2;3392;262;65.42;329.2;99.38;84.72;253.3;508.6;571.8;257;98.88;25.01;450.6;78.18;63.1;245.7;1172.5
11.12.2023;11130.36;36.97;117.45;509.8;3425;267.7;65.54;325;99.02;85.58;254.3;508.4;576;256.5;99.1;25.04;449.7;78.98;63.76;247.9;1180
12.12.2023;11151.22;36.91;117.65;513.2;3450;275.9;65.96;327.2;98.94;85.93;253.7;510.6;576.2;257.5;99.94;25;452.4;80.3;63.78;248.6;1170.5
13.12.2023;11188.91;36.96;119.35;514.8;3469;278.5;66.32;326;98.43;86.71;252.65;509.8;581.4;263.3;100.45;25.01;453.7;81;65;252.6;1182
14.12.2023;11209.95;37.45;124.25;547;3442;285.4;66.58;332;97.72;85.58;245.9;509.6;582.4;273.1;95.5;25.95;445.6;81.9;66.6;271.1;1216
15.12.2023;11191.89;37.77;121.9;547.8;3472;292.1;67.4;341.3;98.11;84.79;244.35;505.8;586.2;273.9;95.64;25.65;444.5;82.36;66;274.2;1211
18.12.2023;11155.8;37.45;119.75;537.2;3494;290.6;66.06;342.4;98.08;85.26;245.2;511.4;586.2;274;95.98;25.35;443.4;80.64;65.28;267.3;1209.5
19.12.2023;11146.43;37.57;119;538.8;3483;286.6;67;350.7;96.57;84.62;244.05;507.4;586.2;275.3;95.96;26.2;443.4;81.14;65.26;270.5;1230.5
20.12.2023;11144.88;37.51;118.95;541.6;3492;290.5;66.84;345.3;96.58;84.6;243.5;508.4;584;276.1;96.46;26.42;442.8;80.52;65.34;271.1;1218
21.12.2023;11132.6;37.29;117.55;539;3477;290.2;66.54;346.4;96.99;84.29;245;507;578.2;277;95.34;26.32;440.4;79.96;65.46;271.6;1219.5
22.12.2023;11153.09;37.26;115.95;541.2;3488;296.7;66.5;353.6;97.2;84.84;244.3;509.4;579.6;277.2;95.7;26.34;440.7;79.52;66.08;272.2;1228
25.12.2023;11153.09;37.26;115.95;541.2;3488;296.7;66.5;353.6;97.2;84.84;244.3;509.4;579.6;277.2;95.7;26.34;440.7;79.52;66.08;272.2;1228
26.12.2023;11153.09;37.26;115.95;541.2;3488;296.7;66.5;353.6;97.2;84.84;244.3;509.4;579.6;277.2;95.7;26.34;440.7;79.52;66.08;272.2;1228
27.12.2023;11113.98;37.3;116.65;539;3473;290.2;66.26;351.2;96.84;84.2;243.7;506.6;583.2;273.7;95.12;26.37;438.6;79.44;65.46;273.2;1212.5
28.12.2023;11057.55;37.05;115.25;535.2;3443;287.6;65.88;351.8;96.79;84.04;242.45;502.6;577.4;273.1;94.18;25.94;435.8;79.24;65.54;271.7;1211
29.12.2023;11137.79;37.3;115.75;539;3484;289.8;66.02;353.7;97.51;84.87;244.5;506;584;274.4;94.56;26.1;439.6;79.76;65.64;273.7;1213
01.01.2024;11137.79;37.3;115.75;539;3484;289.8;66.02;353.7;97.51;84.87;244.5;506;584;274.4;94.56;26.1;439.6;79.76;65.64;273.7;1213
02.01.2024;11137.79;37.3;115.75;539;3484;289.8;66.02;353.7;97.51;84.87;244.5;506;584;274.4;94.56;26.1;439.6;79.76;65.64;273.7;1213
03.01.2024;11170.26;36.12;112;517.4;3412;294.6;64.72;350.1;99.3;88.63;251.85;515.8;579.4;269.8;95.12;24.95;443.2;79.14;64.24;258.3;1154.5
04.01.2024;11224.37;36.47;112.5;519;3366;301.3;64.98;350.6;98.77;89.84;254.35;517.8;583;267.4;95.94;25.38;438.5;79.28;64.38;257.5;1167.5
05.01.2024;11185.9;35.98;112.1;519.4;3334;298.5;64.6;343.4;98.63;90.41;251.3;515.6;581.4;268.5;96.02;25.51;437.6;78.6;64.06;255.6;1159
08.01.2024;11230.4;36.3;113.05;521;3355;292.5;64.94;348.7;98.79;90.8;251.45;513.6;588.6;275.4;96.86;25.6;437.2;80.12;65.08;254.7;1167
09.01.2024;11248.65;36.2;112.75;522.6;3383;293.1;65.1;356.5;98.82;91.14;252.25;508;588.8;277.1;96.6;25.39;439;80.42;66.28;253.6;1162
10.01.2024;11255;36.35;112.3;516.2;3396;291.8;64.56;364.3;98.27;91.55;253.9;509.6;587.4;278;96.74;25.46;435.9;81.28;68.56;244;1163.5
11.01.2024;11153.62;36.28;110.45;510.6;3375;295.6;64.26;369.3;96.68;91.32;250.6;508.6;582.4;280;96.98;25.02;432.8;80.96;67.84;240.3;1146.5
12.01.2024;11226.4;36.62;110.25;518.8;3397;298.3;65.08;368.4;97.74;91.43;252.5;511.4;586.8;281.5;97.8;25.31;436.9;81.74;68.04;241.3;1140
15.01.2024;11207.51;36.42;109.85;516;3389;295.8;64.72;370.6;97.22;92;250.85;514;593;278.9;98.42;25.3;439;81.56;67.9;240.6;1122
16.01.2024;11229.65;36.31;108;516.2;3402;296;64.38;369.8;98.39;92.8;250.1;513.2;598.8;276.5;98.48;25.35;442.4;81.24;67.82;239.2;1105
17.01.2024;11148.56;36.1;105.4;490.8;3356;296.7;63.78;358.9;98.18;93.65;247.25;509;583.8;278.3;97.68;25.29;434.3;81.1;66.84;234.8;1094
18.01.2024;11185.88;36.62;116.35;487;3343;293.5;64.1;364;97.61;93.12;245.95;506.4;583.4;278.4;96.96;25.48;430.2;81.6;67.12;233.2;1113
19.01.2024;11150.52;35.28;116.4;488.3;3347;287;63.72;361.5;97.43;93.8;244.1;511;584;275.5;97.76;24.98;434.2;82.08;67.3;233;1115
22.01.2024;11275.35;36.26;117.65;497;3364;293.6;64.3;372.9;97.49;94.4;247.8;516.4;596.2;281.9;99.36;25.36;441.8;82.82;68.42;232;1131
23.01.2024;11149.26;35.94;119.65;495.3;3301;288.7;63.26;373.7;95.9;93.5;243.75;514.6;597;275.8;98.26;25.12;438.9;75.64;66.54;234.8;1106.5
24.01.2024;11196.82;36.28;121.4;497.8;3317;285.7;63.9;381.4;95.32;93.53;245.15;515;604.4;274.2;98.76;25.57;441.4;75.2;66.48;235.3;1127.5
25.01.2024;11209.02;36.58;121;501.2;3593;290.1;64.24;370.3;96.2;92.75;242;516;606.4;276.4;98.84;25.71;441.8;74.28;66.3;237.6;1141
26.01.2024;11390.13;36.76;128.5;506.2;3639;291.3;64.2;423.5;98.49;92.46;247.45;522;610.2;278.6;99.26;25.8;442.7;73.88;66.34;241.8;1144.5
29.01.2024;11429.83;36.95;128.75;503;3685;293.4;67.22;434.6;99.39;92.91;246.75;517.8;612;276.4;99.28;25.67;444;72.82;65.02;240.4;1140.5
30.01.2024;11443.13;37.31;130.45;506.8;3624;294;67.84;432.6;99.03;92.59;246.7;515.6;620.4;279.2;99.1;26;438.4;72.76;65.58;239.8;1175.5
31.01.2024;11333.38;36.69;129;500.2;3609;293.8;66.16;424.8;98.56;89.4;247.1;516.2;621.4;277.7;99.1;25.99;439.1;72.46;65.44;240.1;1173
01.02.2024;11213.91;37.3;128.5;499.5;3615;290.4;65.12;427.7;98.35;90.54;233.5;508.8;614;279.1;97.76;25.12;432.4;72.12;64.98;239.6;1173
02.02.2024;11239.68;37.77;128.6;495.2;3580;286.2;65.54;430.4;98.57;89.8;234.1;510;618.6;277.7;98.48;25.78;437.3;72.92;64.68;238.5;1167.5
05.02.2024;11274.47;37.3;128.6;492.3;3596;290.1;65.7;444.3;100.06;90.36;230.5;506;619;278.9;100.05;25.7;440.7;73.4;65.72;238;1169.5
06.02.2024;11245.03;37.56;128.7;495.7;3611;290.1;66.14;447.3;99.39;90.09;230.55;505.8;620.2;278.8;102.2;24.56;439.8;74.5;66.78;238.4;1167
07.02.2024;11210.25;37.89;129.15;495.5;3675;284.6;66.3;436.5;98.63;90.73;228.2;502.4;615.6;278.9;102.45;23.9;441.4;73.12;66.58;239.9;1170.5
08.02.2024;11138.85;38.04;133.45;495.4;3645;284;65.62;445.1;98.34;87.97;224.9;498.8;611.6;280.2;100.2;24.14;432.7;74;66.04;238.5;1199
09.02.2024;11091.58;38.14;134.25;492.5;3591;284.6;64.82;444.4;95.41;88.31;224.9;498.2;611.4;283.4;99.78;24.28;429.9;74.78;67.26;238.6;1200
12.02.2024;11179.3;38.43;135.15;508.8;3607;282.3;66.08;446.8;96.8;87.68;227.5;497.5;619.6;284.8;100.45;24.5;432.3;74.86;67.56;245.9;1216.5
13.02.2024;11142.79;38.14;132.7;499.2;3615;281.4;65.44;442;96.4;88.02;228.5;500.8;620.2;281.1;101.95;24.12;436.3;75.32;66.98;241.3;1201.5
14.02.2024;11213.64;38.92;134.25;504.8;3675;285.3;66.54;462.6;96.83;87.8;227.2;503.2;622.8;284.9;102.5;24.25;437.4;76.54;67.96;244.9;1213.5
15.02.2024;11284.18;39.39;136.45;505.8;3662;284.8;66.62;458.4;98.11;87.96;226.95;508.6;631;285.8;103.6;24.42;441.6;77.34;68.38;247.3;1222.5
16.02.2024;11310.61;40.04;137.05;512.4;3667;282.1;67.74;457.1;97.15;88.44;228.2;509.4;638;284.3;100.95;24.48;441.4;76.56;68.46;254.3;1230
19.02.2024;11398.44;40.03;135.9;509.6;3704;284.4;68.4;456;98.61;89.56;232;516.4;640.6;285.6;100.15;24.5;440.5;77.12;68.42;258;1241
20.02.2024;11456.96;40.15;135.8;511.8;3744;284.8;68.06;454.3;99.6;90.77;232.2;520.6;648.8;285.1;102.75;24.4;443.9;76.92;68.88;255.4;1237.5
21.02.2024;11428.74;40.18;134.05;514.8;3731;288.7;69.02;453.8;99.12;90.04;230.85;517.4;645.8;286.2;101.9;24.5;447.1;76.42;69.1;258.3;1233.5
22.02.2024;11386.17;40.62;135.75;515.6;3751;288.3;69.04;459.4;94.24;90.57;228.85;514.8;646.2;288.9;103.95;24.63;458.9;78.12;70.7;255.7;1241.5
23.02.2024;11496.76;40.37;137.6;523.8;3791;287.9;69.32;463.6;95.35;91.63;232.4;516.2;648.8;290.9;106.5;24.72;463;78.8;70.5;258.8;1252.5
26.02.2024;11452.88;40.34;137.05;518;3816;291;70.14;461.5;94.29;91.36;229.15;512.6;639.8;288.1;105.85;24.99;465.3;79.2;70.44;256.2;1268
27.02.2024;11440.45;40.19;137;518.6;3746;288.4;70.78;464;93.68;90.65;231.95;510;636.4;282.1;105;25.14;465;79.64;70.94;256.4;1262.5
28.02.2024;11414.38;40.35;138.55;511.4;3716;294.5;70.74;464.2;92.05;90;231;503;637.6;272.1;105.8;25.17;470.4;78.64;74.66;253.6;1264
29.02.2024;11438.86;40.72;140.6;513.2;3707;297.6;72.1;462;91.76;89.49;231.95;505.4;641.6;272.3;106.6;25.21;470;77.98;75.18;255.5;1269
01.03.2024;11493.92;40.74;143.15;517.8;3710;257.3;73.5;465.6;92.54;90.14;233.2;503.2;644.2;276.5;106.3;25.5;467;77.86;76.12;258.3;1264.5
04.03.2024;11477.8;40.82;142.4;517.6;3700;250.9;74.22;463.4;92.02;90.18;233.55;506.4;645.6;276.8;106.65;25.5;465.5;76.64;76.02;257.1;1265
05.03.2024;11463.74;40.38;141.5;514.4;3700;246;73.56;455.2;91.93;90.54;234.7;507.2;649;276;107.3;25.62;470.2;75.42;75.28;253.8;1243
06.03.2024;11546.47;40.7;141.5;521.8;3761;248.3;73.52;454.2;92.83;91.06;235.9;508.8;651.8;277.4;108.1;25.85;474.3;78.24;75.96;256.2;1261
07.03.2024;11575.37;40.84;144.5;523;3861;248.9;74.8;465.8;93.31;87.78;237.9;506.8;650;280.8;109;26.16;478.8;78.42;76.3;261.7;1270.5
08.03.2024;11647.14;40.99;145.1;526.6;3903;244.7;75.54;464.6;93.81;88.11;238.2;507.6;652.8;284.5;109;27.24;478.4;79.58;76.8;263.8;1268
11.03.2024;11685.19;40.95;144.95;526.6;3939;245.4;75.28;458.2;93.99;88.8;242;508.8;652;279.3;109.85;27.11;482.7;79.3;77.2;260.4;1266
12.03.2024;11762.05;41.52;146.25;537.6;3976;247.9;76.9;458.5;94.27;87.59;244.75;506.2;659.2;283.4;110.5;27.7;485.3;81.08;77.28;264.8;1300
13.03.2024;11790.46;42.05;147.7;526.2;3974;244.5;77.6;471.2;95.48;87.13;241;505.4;666;284.8;111.8;27.83;487.3;82.02;76.96;266;1307
14.03.2024;11720.7;42.31;148.2;524.2;3977;239.6;77.58;483.3;95.08;86.8;232.4;503.8;630.6;289.3;113.15;27.81;486.6;83.42;76.9;265.8;1293.5
15.03.2024;11676.13;42.4;145.8;528.8;4017;240.8;77.58;474;95.23;85.64;230.8;528.4;635.2;270.8;113.75;28.18;486.6;84.24;75.52;263.5;1286
